Time,Open,High,Low,Close,Volume
1/2/2019 12:00:00 AM,79.787,79.787,78.119,78.119,87080
1/3/2019 12:00:00 AM,79.436,79.875,77.593,78.295,55310
1/4/2019 12:00:00 AM,78.295,78.295,75.486,77.768,96940
1/7/2019 12:00:00 AM,78.558,79.699,76.978,77.768,92970
1/8/2019 12:00:00 AM,77.768,77.768,77.241,77.417,36610
1/9/2019 12:00:00 AM,75.486,78.997,75.486,78.119,100610
1/10/2019 12:00:00 AM,77.329,79.085,77.329,78.558,49800
1/11/2019 12:00:00 AM,79.348,79.787,78.558,79.348,32020
1/14/2019 12:00:00 AM,79.26,79.26,77.241,77.68,26560
1/15/2019 12:00:00 AM,77.68,78.47,77.329,77.856,42400
1/16/2019 12:00:00 AM,78.909,78.997,77.944,78.997,41990
1/17/2019 12:00:00 AM,78.997,81.104,78.997,80.665,51470
1/18/2019 12:00:00 AM,79.085,80.752,79.085,80.665,38310
1/21/2019 12:00:00 AM,80.752,81.191,79.875,80.752,22660
1/22/2019 12:00:00 AM,81.104,81.104,78.997,78.997,57790
1/23/2019 12:00:00 AM,80.665,80.665,78.997,79.611,39100
1/24/2019 12:00:00 AM,79.875,80.314,78.997,79.26,33490
1/25/2019 12:00:00 AM,79.26,80.752,79.26,80.665,21490
1/28/2019 12:00:00 AM,82.42,82.42,80.752,81.718,39180
1/29/2019 12:00:00 AM,82.069,82.859,80.84,82.859,51580
1/30/2019 12:00:00 AM,79.524,84.966,79.524,84.702,125610
1/31/2019 12:00:00 AM,85.141,85.141,80.928,80.928,79540
2/1/2019 12:00:00 AM,84.263,84.263,81.894,84,54770
2/11/2019 12:00:00 AM,83.386,84,83.386,83.825,64480
2/12/2019 12:00:00 AM,83.825,83.825,83.386,83.473,77860
2/13/2019 12:00:00 AM,83.825,86.019,82.947,84.702,111960
2/14/2019 12:00:00 AM,85.141,86.458,84.527,84.527,122040
2/15/2019 12:00:00 AM,85.141,85.756,83.386,83.825,88230
2/18/2019 12:00:00 AM,83.825,84.966,80.928,81.63,91670
2/19/2019 12:00:00 AM,82.069,83.298,81.718,82.683,30770
2/20/2019 12:00:00 AM,82.683,84.702,82.508,84.263,88130
2/21/2019 12:00:00 AM,84.263,84.263,83.561,83.737,114100
2/22/2019 12:00:00 AM,84.263,85.931,83.386,84.702,147330
2/25/2019 12:00:00 AM,84.702,85.492,83.035,83.298,180880
2/26/2019 12:00:00 AM,83.298,84.176,81.63,81.806,114570
2/27/2019 12:00:00 AM,82.508,83.825,81.894,83.561,74070
2/28/2019 12:00:00 AM,83.561,84.088,82.157,82.508,153040
3/1/2019 12:00:00 AM,82.947,82.947,81.894,82.245,56320
3/4/2019 12:00:00 AM,82.245,84.966,82.245,84.702,119450
3/5/2019 12:00:00 AM,83.473,86.37,83.473,86.282,300850
3/6/2019 12:00:00 AM,86.282,86.458,85.405,86.019,73310
3/7/2019 12:00:00 AM,86.194,86.458,84.702,84.79,92910
3/8/2019 12:00:00 AM,83.825,84.263,83.386,83.737,49270
3/11/2019 12:00:00 AM,84.351,84.351,83.737,83.912,92780
3/12/2019 12:00:00 AM,84.088,84.878,84,84.088,199160
3/13/2019 12:00:00 AM,84.702,85.141,84.176,84.263,158480
3/14/2019 12:00:00 AM,84.263,85.58,84.263,84.351,101300
3/15/2019 12:00:00 AM,84.263,85.229,84.263,84.527,485910
3/18/2019 12:00:00 AM,84.527,85.141,83.386,83.386,122480
3/19/2019 12:00:00 AM,84.263,84.263,83.122,83.649,203310
3/20/2019 12:00:00 AM,83.649,85.931,83.649,85.668,219060
3/21/2019 12:00:00 AM,85.141,86.194,84.263,84.263,81670
3/22/2019 12:00:00 AM,83.912,84.702,83.912,84.351,72660
3/25/2019 12:00:00 AM,84.351,84.351,83.825,83.825,76750
3/26/2019 12:00:00 AM,83.825,84.088,83.035,83.035,75260
3/27/2019 12:00:00 AM,83.825,84.702,83.21,84,47500
3/28/2019 12:00:00 AM,84.263,84.615,81.63,84.263,39030
3/29/2019 12:00:00 AM,84.263,85.492,83.386,83.386,148060
4/1/2019 12:00:00 AM,84.263,84.263,82.508,83.386,75410
4/2/2019 12:00:00 AM,83.386,84.439,82.157,82.771,71220
4/3/2019 12:00:00 AM,82.508,83.298,81.191,81.63,109810
4/4/2019 12:00:00 AM,82.069,82.596,81.63,82.508,48150
4/5/2019 12:00:00 AM,82.508,82.596,82.245,82.245,21140
4/8/2019 12:00:00 AM,82.508,82.859,82.42,82.596,67060
4/9/2019 12:00:00 AM,83.386,83.386,82.596,83.386,141630
4/10/2019 12:00:00 AM,82.947,83.298,81.63,82.947,36060
4/11/2019 12:00:00 AM,82.42,82.947,82.157,82.42,46900
4/12/2019 12:00:00 AM,82.508,82.508,81.016,81.016,115230
4/16/2019 12:00:00 AM,81.016,81.016,78.997,80.138,40520
4/17/2019 12:00:00 AM,79.436,81.542,79.348,80.05,95820
4/18/2019 12:00:00 AM,80.752,80.752,79.699,79.875,45450
4/19/2019 12:00:00 AM,79.875,80.84,79.875,80.314,14560
4/22/2019 12:00:00 AM,80.314,80.314,78.997,79.26,22920
4/23/2019 12:00:00 AM,78.119,80.577,78.119,80.577,30600
4/24/2019 12:00:00 AM,79.875,80.752,79.787,79.787,16560
4/25/2019 12:00:00 AM,79.524,80.752,78.47,78.47,102270
4/26/2019 12:00:00 AM,78.47,78.47,76.715,77.768,90340
5/2/2019 12:00:00 AM,72.326,72.326,72.326,72.326,164290
5/3/2019 12:00:00 AM,67.323,67.323,67.323,67.323,86250
5/6/2019 12:00:00 AM,62.671,66.708,62.671,63.987,1977550
5/7/2019 12:00:00 AM,64.075,67.586,63.987,67.586,855180
5/8/2019 12:00:00 AM,67.586,68.025,65.567,65.831,518130
5/9/2019 12:00:00 AM,64.514,65.392,63.197,63.9,1060210
5/10/2019 12:00:00 AM,64.075,64.953,63.461,64.339,470440
5/13/2019 12:00:00 AM,64.339,67.411,64.339,66.796,724890
5/14/2019 12:00:00 AM,65.655,68.464,65.655,68.288,826240
5/15/2019 12:00:00 AM,68.464,69.517,68.464,69.342,571120
5/16/2019 12:00:00 AM,69.342,69.781,68.288,68.464,523210
5/17/2019 12:00:00 AM,68.376,69.342,68.376,68.815,455930
5/20/2019 12:00:00 AM,68.464,69.254,68.376,68.991,393580
5/21/2019 12:00:00 AM,69.078,70.044,69.078,69.517,439050
5/22/2019 12:00:00 AM,69.342,69.956,68.552,68.727,341030
5/23/2019 12:00:00 AM,68.464,69.078,68.376,68.991,238050
5/24/2019 12:00:00 AM,68.464,68.815,66.708,67.762,452390
5/27/2019 12:00:00 AM,67.762,68.025,66.972,66.972,195810
5/28/2019 12:00:00 AM,66.972,67.586,66.094,66.972,278150
5/29/2019 12:00:00 AM,66.796,67.674,66.708,67.674,183860
5/30/2019 12:00:00 AM,68.113,68.376,67.586,68.025,289570
5/31/2019 12:00:00 AM,66.972,68.025,66.972,67.411,320170
6/3/2019 12:00:00 AM,65.831,68.025,65.831,67.85,384090
6/4/2019 12:00:00 AM,67.586,68.376,67.498,68.288,325360
6/5/2019 12:00:00 AM,68.288,68.464,68.201,68.288,318460
6/6/2019 12:00:00 AM,67.674,68.288,67.674,68.288,163610
6/7/2019 12:00:00 AM,68.113,68.903,68.113,68.727,305770
6/10/2019 12:00:00 AM,68.991,69.781,68.991,69.342,370010
6/11/2019 12:00:00 AM,69.342,70.132,68.727,70.044,394630
6/12/2019 12:00:00 AM,70.132,71.009,69.342,70.483,578310
6/13/2019 12:00:00 AM,70.219,70.307,69.693,70.219,218690
6/14/2019 12:00:00 AM,69.868,71.009,69.868,70.219,431440
6/17/2019 12:00:00 AM,70.219,70.658,69.342,70.658,259530
6/18/2019 12:00:00 AM,70.219,70.746,69.781,70.658,378680
6/19/2019 12:00:00 AM,70.395,70.658,69.781,70.044,180940
6/20/2019 12:00:00 AM,70.219,70.571,69.781,70.571,389260
6/21/2019 12:00:00 AM,70.395,70.483,69.781,69.781,483210
6/24/2019 12:00:00 AM,69.605,70.658,68.903,70.483,566940
6/25/2019 12:00:00 AM,70.307,70.571,70.132,70.307,261160
6/26/2019 12:00:00 AM,70.219,70.922,69.781,70.922,481930
6/27/2019 12:00:00 AM,70.922,71.887,70.746,71.009,251800
6/28/2019 12:00:00 AM,70.483,71.097,70.483,70.922,130010
7/1/2019 12:00:00 AM,70.746,71.273,70.483,71.185,188730
7/2/2019 12:00:00 AM,70.922,71.448,70.922,71.361,168710
7/3/2019 12:00:00 AM,71.361,72.589,71.097,72.589,440630
7/4/2019 12:00:00 AM,72.589,73.028,72.15,72.589,167950
7/5/2019 12:00:00 AM,72.853,73.028,71.975,72.765,106450
7/8/2019 12:00:00 AM,72.853,73.028,72.414,72.765,199930
7/9/2019 12:00:00 AM,72.765,73.204,72.677,73.204,188400
7/10/2019 12:00:00 AM,73.204,74.345,73.116,74.257,284930
7/11/2019 12:00:00 AM,74.257,74.52,74.257,74.52,143890
7/12/2019 12:00:00 AM,74.52,75.135,74.52,74.52,192430
7/15/2019 12:00:00 AM,74.433,74.696,72.853,73.994,163750
7/16/2019 12:00:00 AM,73.292,75.837,73.292,75.837,204330
7/17/2019 12:00:00 AM,75.661,77.768,75.223,77.241,441090
7/18/2019 12:00:00 AM,76.364,77.066,75.31,75.31,372910
7/19/2019 12:00:00 AM,75.398,75.398,73.643,74.169,338310
7/22/2019 12:00:00 AM,73.994,75.31,73.379,75.31,71060
7/23/2019 12:00:00 AM,74.608,75.486,73.906,73.906,157410
7/24/2019 12:00:00 AM,73.994,74.784,73.643,74.784,127290
7/25/2019 12:00:00 AM,74.257,74.784,73.906,74.433,170270
7/26/2019 12:00:00 AM,74.257,75.223,74.257,74.959,225070
7/29/2019 12:00:00 AM,74.784,75.31,74.169,75.047,151520
7/30/2019 12:00:00 AM,74.608,75.135,74.345,74.872,153390
7/31/2019 12:00:00 AM,74.696,74.872,73.643,73.73,117780
8/1/2019 12:00:00 AM,73.73,74.608,73.379,73.906,147320
8/2/2019 12:00:00 AM,73.906,73.906,72.853,72.853,268720
8/5/2019 12:00:00 AM,72.414,72.853,68.639,68.991,359980
8/6/2019 12:00:00 AM,68.464,68.903,67.586,67.586,173600
8/7/2019 12:00:00 AM,67.586,68.727,65.918,66.27,100880
8/8/2019 12:00:00 AM,66.27,70.219,66.27,70.132,193150
8/9/2019 12:00:00 AM,69.868,70.132,68.464,68.464,105190
8/12/2019 12:00:00 AM,68.464,68.727,68.464,68.464,38810
8/13/2019 12:00:00 AM,68.464,68.464,67.674,67.85,158390
8/14/2019 12:00:00 AM,68.113,69.254,68.113,68.903,88740
8/15/2019 12:00:00 AM,68.025,68.815,67.411,68.815,92830
8/16/2019 12:00:00 AM,68.464,68.464,67.586,67.674,144210
8/19/2019 12:00:00 AM,68.376,68.376,67.411,68.201,42400
8/20/2019 12:00:00 AM,68.376,68.376,67.147,67.586,128690
8/21/2019 12:00:00 AM,67.586,68.288,67.498,68.288,85620
8/22/2019 12:00:00 AM,68.464,70.044,68.464,69.078,144600
8/23/2019 12:00:00 AM,69.166,69.166,68.025,68.903,91040
8/26/2019 12:00:00 AM,67.85,68.464,67.674,68.288,85800
8/27/2019 12:00:00 AM,67.85,68.288,67.586,67.586,107890
8/28/2019 12:00:00 AM,67.586,68.025,67.147,67.762,89400
8/29/2019 12:00:00 AM,67.235,67.235,66.708,66.708,166240
8/30/2019 12:00:00 AM,67.586,67.586,66.708,66.708,64770
9/3/2019 12:00:00 AM,67.411,67.411,66.27,66.27,78770
9/4/2019 12:00:00 AM,66.094,67.147,65.831,66.708,127710
9/5/2019 12:00:00 AM,66.621,66.972,66.445,66.708,49380
9/6/2019 12:00:00 AM,66.708,67.147,66.27,66.27,41090
9/9/2019 12:00:00 AM,65.831,66.27,65.567,65.831,54720
9/10/2019 12:00:00 AM,65.831,65.831,63.285,63.461,226180
9/11/2019 12:00:00 AM,63.197,63.987,63.11,63.373,142170
9/12/2019 12:00:00 AM,63.373,65.392,63.373,64.865,86800
9/13/2019 12:00:00 AM,65.48,65.48,64.339,65.216,95610
9/16/2019 12:00:00 AM,65.392,65.392,64.514,64.777,82100
9/17/2019 12:00:00 AM,64.777,64.865,64.339,64.339,99630
9/18/2019 12:00:00 AM,64.339,64.865,64.339,64.69,79090
9/19/2019 12:00:00 AM,64.777,64.953,64.251,64.69,115760
9/20/2019 12:00:00 AM,64.339,64.514,63.197,63.197,1437250
9/23/2019 12:00:00 AM,63.812,64.514,63.812,64.163,106260
9/24/2019 12:00:00 AM,64.163,64.602,63.812,64.251,82690
9/25/2019 12:00:00 AM,64.075,64.075,63.285,63.285,285900
9/26/2019 12:00:00 AM,63.461,63.9,63.022,63.461,216600
9/27/2019 12:00:00 AM,63.636,64.69,63.285,64.339,312160
9/30/2019 12:00:00 AM,64.514,66.621,64.514,65.655,538970
10/1/2019 12:00:00 AM,65.655,67.06,65.655,66.445,223610
10/2/2019 12:00:00 AM,66.27,66.708,65.567,65.655,140250
10/3/2019 12:00:00 AM,64.251,65.392,64.163,65.392,145590
10/4/2019 12:00:00 AM,65.655,65.655,63.9,63.9,236400
10/7/2019 12:00:00 AM,63.636,64.075,62.056,62.056,377380
10/8/2019 12:00:00 AM,62.32,63.197,62.32,63.11,133110
10/9/2019 12:00:00 AM,63.11,63.11,62.144,62.495,108940
10/10/2019 12:00:00 AM,62.32,63.022,62.32,62.759,119930
10/11/2019 12:00:00 AM,62.759,64.075,62.759,63.285,69830
10/14/2019 12:00:00 AM,63.461,63.461,63.197,63.197,101310
10/15/2019 12:00:00 AM,63.197,63.373,62.759,62.846,106480
10/16/2019 12:00:00 AM,63.11,63.197,62.759,63.022,104680
10/17/2019 12:00:00 AM,62.846,63.022,62.583,62.583,135060
10/18/2019 12:00:00 AM,62.583,62.846,62.583,62.671,61890
10/21/2019 12:00:00 AM,62.846,62.846,61.881,62.144,101280
10/22/2019 12:00:00 AM,61.793,62.144,61.618,61.881,124850
10/23/2019 12:00:00 AM,61.793,62.671,61.793,62.144,76080
10/24/2019 12:00:00 AM,62.32,62.32,61.881,62.056,84560
10/25/2019 12:00:00 AM,62.056,62.846,62.056,62.759,73560
10/28/2019 12:00:00 AM,62.671,62.671,61.969,62.32,216540
10/29/2019 12:00:00 AM,62.144,62.495,62.144,62.232,99310
10/30/2019 12:00:00 AM,62.232,62.934,62.056,62.144,146510
10/31/2019 12:00:00 AM,62.759,63.987,62.671,63.285,318850
11/1/2019 12:00:00 AM,63.285,65.041,63.285,64.953,410880
11/4/2019 12:00:00 AM,65.48,65.567,64.602,64.953,232940
11/5/2019 12:00:00 AM,64.953,66.27,64.777,66.006,365140
11/6/2019 12:00:00 AM,66.182,66.182,65.567,65.918,201360
11/7/2019 12:00:00 AM,65.918,65.918,64.953,65.041,192310
11/8/2019 12:00:00 AM,65.304,65.392,64.514,64.602,164590
11/11/2019 12:00:00 AM,64.602,65.216,64.251,64.602,135680
11/12/2019 12:00:00 AM,64.602,64.953,64.075,64.777,136550
11/13/2019 12:00:00 AM,64.953,64.953,63.724,64.075,194320
11/14/2019 12:00:00 AM,63.724,64.602,63.724,64.514,105870
11/15/2019 12:00:00 AM,64.959,65.76,64.692,65.137,118990
11/18/2019 12:00:00 AM,64.959,65.404,64.87,64.959,110590
11/19/2019 12:00:00 AM,64.959,64.959,64.425,64.514,179930
11/20/2019 12:00:00 AM,64.247,64.336,63.98,64.158,118680
11/21/2019 12:00:00 AM,63.713,64.069,62.734,62.734,195650
11/22/2019 12:00:00 AM,63.179,63.802,62.645,63.09,135120
11/25/2019 12:00:00 AM,63.179,64.247,63.09,64.158,112070
11/26/2019 12:00:00 AM,63.98,64.425,63.535,63.535,121720
11/27/2019 12:00:00 AM,63.535,63.98,63.179,63.179,108940
11/28/2019 12:00:00 AM,63.001,63.624,62.2,62.378,114250
11/29/2019 12:00:00 AM,62.378,62.645,62.111,62.556,67070
12/2/2019 12:00:00 AM,63.09,63.09,60.954,60.954,88870
12/3/2019 12:00:00 AM,60.598,61.221,59.175,59.353,199420
12/4/2019 12:00:00 AM,59.353,59.709,57.929,59.442,130450
12/5/2019 12:00:00 AM,59.442,60.242,58.73,58.908,105160
12/6/2019 12:00:00 AM,58.908,58.908,57.84,58.552,108190
12/9/2019 12:00:00 AM,58.73,58.73,58.196,58.463,120840
12/10/2019 12:00:00 AM,58.73,61.31,58.73,60.242,267860
12/11/2019 12:00:00 AM,60.598,60.954,60.064,60.509,91410
12/12/2019 12:00:00 AM,60.242,60.865,60.153,60.509,169360
12/13/2019 12:00:00 AM,60.509,60.776,59.62,60.509,137540
12/16/2019 12:00:00 AM,61.043,64.692,60.509,64.692,434040
12/17/2019 12:00:00 AM,65.404,66.204,64.247,64.247,378650
12/18/2019 12:00:00 AM,64.247,66.382,63.713,64.959,292770
12/19/2019 12:00:00 AM,65.937,66.204,63.624,63.624,193310
12/20/2019 12:00:00 AM,63.624,65.493,63.624,64.514,957620
12/23/2019 12:00:00 AM,64.514,65.226,64.069,64.069,325140
12/24/2019 12:00:00 AM,64.069,64.514,61.755,61.933,185890
12/25/2019 12:00:00 AM,61.933,62.467,61.132,61.132,165220
12/26/2019 12:00:00 AM,61.043,61.132,60.064,60.509,182140
12/27/2019 12:00:00 AM,60.42,62.2,60.42,61.221,126510
12/30/2019 12:00:00 AM,61.399,61.844,60.954,61.755,137330
12/31/2019 12:00:00 AM,61.488,62.734,61.043,61.043,85290
1/2/2020 12:00:00 AM,61.043,61.844,61.043,61.399,87010
1/3/2020 12:00:00 AM,61.755,61.755,60.954,61.043,59290
1/6/2020 12:00:00 AM,60.776,60.954,60.153,60.153,129160
1/7/2020 12:00:00 AM,60.42,60.509,59.975,60.064,67160
1/8/2020 12:00:00 AM,59.531,59.531,58.463,58.73,163230
1/9/2020 12:00:00 AM,59.798,59.798,57.929,57.929,157250
1/10/2020 12:00:00 AM,58.73,59.886,57.84,59.62,136260
1/13/2020 12:00:00 AM,59.531,59.62,59.175,59.353,63230
1/14/2020 12:00:00 AM,59.175,59.62,57.84,58.73,171640
1/15/2020 12:00:00 AM,59.086,59.086,58.107,58.641,92440
1/16/2020 12:00:00 AM,58.552,58.997,58.552,58.73,157100
1/17/2020 12:00:00 AM,58.819,58.819,58.463,58.641,131930
1/20/2020 12:00:00 AM,58.641,58.908,57.929,58.196,107680
1/21/2020 12:00:00 AM,58.552,58.641,58.018,58.641,119020
1/22/2020 12:00:00 AM,58.107,59.62,58.018,59.62,156250
1/30/2020 12:00:00 AM,58.641,58.73,55.615,56.149,335430
1/31/2020 12:00:00 AM,56.149,57.484,52.323,52.323,176570
2/3/2020 12:00:00 AM,48.941,51.789,48.674,49.475,270730
2/4/2020 12:00:00 AM,49.03,50.721,49.03,49.564,312880
2/5/2020 12:00:00 AM,49.742,50.81,49.653,50.543,298760
2/6/2020 12:00:00 AM,51.611,51.967,50.81,51.967,176570
2/7/2020 12:00:00 AM,53.035,53.213,52.145,53.213,158980
2/10/2020 12:00:00 AM,53.124,53.124,50.899,51.166,208410
2/11/2020 12:00:00 AM,51.166,51.611,50.988,51.433,210080
2/12/2020 12:00:00 AM,52.768,52.768,51.077,51.166,192330
2/13/2020 12:00:00 AM,51.878,51.878,50.988,51.166,145610
2/14/2020 12:00:00 AM,51.166,51.344,50.721,50.721,215320
2/17/2020 12:00:00 AM,50.721,51.166,50.187,50.187,178000
2/18/2020 12:00:00 AM,50.988,50.988,49.831,49.92,313670
2/19/2020 12:00:00 AM,49.92,50.721,49.386,50.187,159970
2/20/2020 12:00:00 AM,50.187,51.611,50.187,51.166,281140
2/21/2020 12:00:00 AM,51.166,53.213,51.166,52.056,369290
2/24/2020 12:00:00 AM,48.496,51.166,48.496,49.831,211810
2/25/2020 12:00:00 AM,49.386,50.632,49.386,50.632,98010
2/26/2020 12:00:00 AM,49.564,50.365,49.386,49.386,258550
2/27/2020 12:00:00 AM,49.475,50.187,48.585,50.187,240770
2/28/2020 12:00:00 AM,48.941,49.386,48.496,48.852,225310
3/2/2020 12:00:00 AM,48.852,49.386,48.674,48.674,150220
3/3/2020 12:00:00 AM,49.386,49.653,48.852,49.564,134260
3/4/2020 12:00:00 AM,49.564,49.564,48.941,49.564,98150
3/5/2020 12:00:00 AM,50.009,50.009,49.03,49.119,180900
3/6/2020 12:00:00 AM,48.941,49.386,48.585,49.03,140150
3/9/2020 12:00:00 AM,45.827,46.272,45.649,45.649,223930
3/10/2020 12:00:00 AM,42.979,46.272,42.49,43.335,379820
3/11/2020 12:00:00 AM,43.335,45.026,40.31,40.577,333320
3/12/2020 12:00:00 AM,38.085,40.043,37.774,37.774,333240
3/13/2020 12:00:00 AM,35.149,37.373,35.149,35.994,771590
3/16/2020 12:00:00 AM,36.038,36.483,34.259,34.259,256330
3/17/2020 12:00:00 AM,33.814,35.594,32.479,34.704,259670
3/18/2020 12:00:00 AM,35.327,35.772,34.704,34.704,359810
3/19/2020 12:00:00 AM,34.526,34.526,32.746,33.013,410470
3/20/2020 12:00:00 AM,33.013,33.636,30.877,30.877,1738250
3/23/2020 12:00:00 AM,31.144,31.144,28.742,28.742,719140
3/24/2020 12:00:00 AM,29.365,30.744,28.92,30.744,656590
3/25/2020 12:00:00 AM,32.212,32.88,32.212,32.88,572360
3/26/2020 12:00:00 AM,33.636,35.149,33.369,35.149,1358190
3/27/2020 12:00:00 AM,35.594,36.305,33.814,33.814,891510
3/30/2020 12:00:00 AM,31.767,33.636,31.456,32.034,539450
3/31/2020 12:00:00 AM,32.034,33.547,31.767,32.924,805060
4/1/2020 12:00:00 AM,32.924,35.193,32.835,35.193,640300
4/3/2020 12:00:00 AM,36.038,37.64,36.038,37.64,1120910
4/6/2020 12:00:00 AM,37.729,40.265,37.685,40.265,1131900
4/7/2020 12:00:00 AM,40.488,42.623,39.776,42.534,851500
4/8/2020 12:00:00 AM,40.933,44.047,39.865,42.534,993810
4/9/2020 12:00:00 AM,42.534,44.136,41.823,42,803850
4/10/2020 12:00:00 AM,41.823,42.801,40.532,40.933,750810
4/13/2020 12:00:00 AM,41.823,42.356,40.844,41.155,688640
4/14/2020 12:00:00 AM,41.155,41.467,40.221,41.111,558310
4/15/2020 12:00:00 AM,41.823,43.691,41.734,43.246,699600
4/16/2020 12:00:00 AM,43.157,43.246,42,42.935,448560
4/17/2020 12:00:00 AM,43.602,43.602,42.267,43.113,758580
4/20/2020 12:00:00 AM,42.801,43.113,42,42.579,893750
4/21/2020 12:00:00 AM,41.823,42.356,40.577,40.577,608330
4/22/2020 12:00:00 AM,39.242,42.712,39.242,41.823,398660
4/23/2020 12:00:00 AM,42.623,43.024,41.823,42.089,607220
4/24/2020 12:00:00 AM,42.267,42.267,41.289,41.823,307960
4/27/2020 12:00:00 AM,42.712,42.712,41.333,41.333,287510
4/28/2020 12:00:00 AM,41.2,41.734,40.132,41.022,433680
4/29/2020 12:00:00 AM,40.577,41.378,40.577,41.111,312690
5/4/2020 12:00:00 AM,40.933,41.333,39.242,39.242,449700
5/5/2020 12:00:00 AM,39.153,40.043,39.153,40.043,361060
5/6/2020 12:00:00 AM,40.221,41.378,39.598,41.378,587550
5/7/2020 12:00:00 AM,41.378,42.267,40.933,41.778,874170
5/8/2020 12:00:00 AM,41.823,43.958,41.823,42.623,1646520
5/11/2020 12:00:00 AM,43.113,43.424,42.712,42.846,917750
5/12/2020 12:00:00 AM,42.623,44.492,42.267,44.314,1471180
5/13/2020 12:00:00 AM,44.225,46.717,43.202,44.937,1085990
5/14/2020 12:00:00 AM,44.047,45.382,44.047,44.225,963990
5/15/2020 12:00:00 AM,44.403,44.759,42.89,42.935,932240
5/18/2020 12:00:00 AM,43.157,43.78,42.712,43.424,619780
5/19/2020 12:00:00 AM,44.581,44.581,43.157,43.246,999630
5/20/2020 12:00:00 AM,43.202,44.492,42.979,44.047,873620
5/21/2020 12:00:00 AM,44.403,45.382,44.047,44.581,1347860
5/22/2020 12:00:00 AM,44.225,44.848,43.691,43.736,891980
5/25/2020 12:00:00 AM,43.78,44.27,43.602,44.047,618230
5/26/2020 12:00:00 AM,43.958,46.628,43.825,46.272,2157490
5/27/2020 12:00:00 AM,46.717,47.34,44.937,44.937,1804210
5/28/2020 12:00:00 AM,44.937,45.471,44.314,44.848,771840
5/29/2020 12:00:00 AM,44.67,44.848,44.225,44.448,865840
6/1/2020 12:00:00 AM,44.581,45.56,44.581,45.115,710180
6/2/2020 12:00:00 AM,45.382,45.471,44.403,44.403,1122590
6/3/2020 12:00:00 AM,44.492,44.759,43.958,44.403,1059760
6/4/2020 12:00:00 AM,44.492,45.115,44.27,44.359,690490
6/5/2020 12:00:00 AM,44.359,44.359,43.691,44.27,669340
6/8/2020 12:00:00 AM,44.67,45.827,44.581,45.026,1401870
6/9/2020 12:00:00 AM,45.382,47.162,45.293,46.628,2255000
6/10/2020 12:00:00 AM,46.806,47.162,45.738,46.984,1128810
6/11/2020 12:00:00 AM,46.717,46.895,43.78,43.78,1531870
6/12/2020 12:00:00 AM,43.424,43.602,41.378,42.979,1764620
6/15/2020 12:00:00 AM,43.157,44.003,40.933,42,1240270
6/16/2020 12:00:00 AM,42.712,43.78,42.356,43.78,641350
6/17/2020 12:00:00 AM,43.78,43.78,42.712,42.712,487610
6/18/2020 12:00:00 AM,42.534,43.024,42.089,42.712,274450
6/19/2020 12:00:00 AM,42.712,44.047,42.712,44.047,1296450
6/22/2020 12:00:00 AM,43.602,44.314,43.157,43.602,570410
6/23/2020 12:00:00 AM,43.602,43.958,42.801,43.246,526810
6/24/2020 12:00:00 AM,43.246,43.513,42.712,42.712,515830
6/25/2020 12:00:00 AM,42.267,42.712,42.178,42.712,434930
6/26/2020 12:00:00 AM,42.712,42.979,42.267,42.267,272160
6/29/2020 12:00:00 AM,40.933,41.823,40.577,40.71,810560
6/30/2020 12:00:00 AM,41.244,41.422,40.043,40.488,422070
7/1/2020 12:00:00 AM,40.933,40.933,40.221,40.888,538190
7/2/2020 12:00:00 AM,40.888,42.267,40.799,41.734,474710
7/3/2020 12:00:00 AM,41.467,41.823,40.043,41.378,323340
7/6/2020 12:00:00 AM,41.378,42.267,41.2,41.823,435550
7/7/2020 12:00:00 AM,42,42.623,41.911,42,548920
7/8/2020 12:00:00 AM,41.911,42.223,41.689,42,225550
7/9/2020 12:00:00 AM,42.178,42.623,42,42.49,444710
7/10/2020 12:00:00 AM,42.267,43.291,42.178,42.623,561640
7/13/2020 12:00:00 AM,42.712,43.024,42.267,42.267,435230
7/14/2020 12:00:00 AM,42.178,42.445,41.867,42.312,352890
7/15/2020 12:00:00 AM,42.534,42.801,42.356,42.579,611470
7/16/2020 12:00:00 AM,42.668,42.757,42.267,42.712,361820
7/17/2020 12:00:00 AM,42.712,43.513,42.401,43.024,641980
7/20/2020 12:00:00 AM,43.068,43.068,41.911,41.911,499110
7/21/2020 12:00:00 AM,42,42,41.467,41.556,529300
7/22/2020 12:00:00 AM,41.556,42,40.888,40.933,641900
7/23/2020 12:00:00 AM,40.933,41.2,40.488,40.844,394690
7/24/2020 12:00:00 AM,40.755,40.933,38.085,38.797,822340
7/27/2020 12:00:00 AM,36.127,37.774,36.083,36.083,1074090
7/28/2020 12:00:00 AM,36.038,37.64,36.038,37.284,731010
7/29/2020 12:00:00 AM,36.038,37.195,35.238,35.683,595950
7/30/2020 12:00:00 AM,36.305,36.483,35.949,36.127,413760
7/31/2020 12:00:00 AM,35.149,36.572,34.882,35.949,875290
8/3/2020 12:00:00 AM,35.949,38.441,35.949,38.441,766120
8/4/2020 12:00:00 AM,39.509,40.933,39.242,40.31,741900
8/5/2020 12:00:00 AM,40.31,41.111,39.598,40.933,848700
8/6/2020 12:00:00 AM,40.888,40.888,40.176,40.354,446440
8/7/2020 12:00:00 AM,40.488,40.488,39.731,39.954,478820
8/10/2020 12:00:00 AM,40.043,40.666,40.043,40.399,364040
8/11/2020 12:00:00 AM,40.488,40.621,40.221,40.265,216390
8/12/2020 12:00:00 AM,40.399,40.71,40.043,40.443,333050
8/13/2020 12:00:00 AM,41.778,42.356,40.488,41.778,920670
8/14/2020 12:00:00 AM,41.778,41.823,40.71,40.799,584630
8/17/2020 12:00:00 AM,40.755,40.755,40.221,40.488,230300
8/18/2020 12:00:00 AM,40.488,40.666,39.598,39.687,762020
8/19/2020 12:00:00 AM,39.687,40.399,39.687,40.31,348070
8/20/2020 12:00:00 AM,40.488,40.755,39.82,40.31,378780
8/21/2020 12:00:00 AM,40.31,40.888,40.31,40.799,438610
8/24/2020 12:00:00 AM,41.378,41.911,40.977,41.734,948780
8/25/2020 12:00:00 AM,42.267,42.89,42.134,42.178,1069560
8/26/2020 12:00:00 AM,42.178,42.623,42,42.356,548640
8/27/2020 12:00:00 AM,42.356,42.534,42,42.356,585730
8/28/2020 12:00:00 AM,42.445,43.068,42.045,42.757,1183880
8/31/2020 12:00:00 AM,42.935,44.759,42.935,44.403,2226020
9/1/2020 12:00:00 AM,44.314,45.916,44.136,45.827,1763210
9/3/2020 12:00:00 AM,45.827,46.361,45.56,46.005,1133940
9/4/2020 12:00:00 AM,44.937,45.738,44.581,45.649,1202750
9/7/2020 12:00:00 AM,45.827,46.183,43.647,43.647,1640520
9/8/2020 12:00:00 AM,44.047,44.492,43.469,44.403,996740
9/9/2020 12:00:00 AM,43.602,44.314,43.424,43.869,684210
9/10/2020 12:00:00 AM,44.047,44.492,42.89,42.979,1823420
9/11/2020 12:00:00 AM,42.089,42.712,42.089,42.401,1033830
9/14/2020 12:00:00 AM,42.445,44.047,42.445,43.246,546410
9/15/2020 12:00:00 AM,43.246,43.424,42.712,42.757,517470
9/16/2020 12:00:00 AM,42.712,42.89,42.668,42.846,362290
9/17/2020 12:00:00 AM,42.712,43.068,42.712,43.068,521720
9/18/2020 12:00:00 AM,43.291,43.78,43.246,43.335,950600
9/21/2020 12:00:00 AM,43.558,44.403,43.424,44.003,980320
9/22/2020 12:00:00 AM,43.647,44.759,43.602,44.403,880580
9/23/2020 12:00:00 AM,44.403,44.848,44.225,44.359,651310
9/24/2020 12:00:00 AM,44.047,44.136,43.602,43.869,613090
9/25/2020 12:00:00 AM,43.869,44.136,43.602,44.047,538610
9/28/2020 12:00:00 AM,44.314,44.759,43.869,44.225,538880
9/29/2020 12:00:00 AM,44.27,44.359,42.712,42.712,1113070
9/30/2020 12:00:00 AM,42.712,43.424,42.534,43.335,471690
10/1/2020 12:00:00 AM,43.335,43.647,43.335,43.469,254320
10/2/2020 12:00:00 AM,43.691,43.691,42,43.157,657470
10/5/2020 12:00:00 AM,43.068,43.202,42.712,42.712,926830
10/6/2020 12:00:00 AM,43.157,43.558,42.89,43.291,731120
10/7/2020 12:00:00 AM,43.291,44.67,42.89,44.359,1472800
10/8/2020 12:00:00 AM,44.759,45.204,44.136,44.359,686840
10/9/2020 12:00:00 AM,44.181,44.67,43.869,44.314,440560
10/12/2020 12:00:00 AM,44.67,47.162,44.581,47.073,3903200
10/13/2020 12:00:00 AM,47.607,48.674,47.162,47.785,2057180
10/14/2020 12:00:00 AM,48.051,48.674,48.051,48.407,1146350
10/15/2020 12:00:00 AM,48.051,48.763,47.34,48.051,1663940
10/16/2020 12:00:00 AM,47.962,47.962,46.806,47.962,1483160
10/19/2020 12:00:00 AM,49.03,49.831,49.03,49.386,1599020
10/20/2020 12:00:00 AM,49.386,49.927,47.76,48.754,980240
10/21/2020 12:00:00 AM,48.754,48.754,46.948,46.948,1321570
10/22/2020 12:00:00 AM,46.406,49.115,46.045,49.024,1581840
10/23/2020 12:00:00 AM,49.386,50.469,49.024,50.108,1487560
10/26/2020 12:00:00 AM,50.379,51.011,48.663,48.663,1570570
10/27/2020 12:00:00 AM,48.302,48.934,47.49,47.851,960170
10/28/2020 12:00:00 AM,47.399,47.851,44.691,44.691,1554490
10/29/2020 12:00:00 AM,44.239,45.864,43.968,45.323,1239150
10/30/2020 12:00:00 AM,45.864,45.864,44.646,45.594,737940
11/2/2020 12:00:00 AM,45.594,46.226,44.33,46.045,404520
11/3/2020 12:00:00 AM,46.496,47.128,46.226,46.948,759870
11/4/2020 12:00:00 AM,46.948,47.851,46.406,47.49,691310
11/5/2020 12:00:00 AM,47.49,48.122,47.128,47.128,477620
11/6/2020 12:00:00 AM,47.128,47.309,46.496,46.948,423060
11/9/2020 12:00:00 AM,47.309,48.031,46.948,47.76,947000
11/10/2020 12:00:00 AM,48.663,48.663,47.941,48.302,992420
11/11/2020 12:00:00 AM,48.302,48.844,47.67,48.122,725960
11/12/2020 12:00:00 AM,48.302,48.754,47.941,48.754,621470
11/13/2020 12:00:00 AM,48.754,50.198,48.754,49.837,1229580
11/16/2020 12:00:00 AM,50.108,50.108,48.663,48.754,1160320
11/17/2020 12:00:00 AM,49.024,49.566,48.483,49.386,590000
11/18/2020 12:00:00 AM,49.386,50.288,49.115,49.927,1049940
11/19/2020 12:00:00 AM,49.747,51.914,49.656,51.372,1615620
11/20/2020 12:00:00 AM,51.643,51.733,51.101,51.282,460010
11/23/2020 12:00:00 AM,51.191,51.372,50.559,51.282,859800
11/24/2020 12:00:00 AM,51.462,52.365,48.754,50.379,1569950
11/25/2020 12:00:00 AM,50.469,51.011,49.656,49.837,844330
11/26/2020 12:00:00 AM,49.747,49.927,49.115,49.295,892770
11/27/2020 12:00:00 AM,49.566,50.379,49.476,50.379,747250
11/30/2020 12:00:00 AM,50.469,51.011,49.656,49.656,974780
12/1/2020 12:00:00 AM,48.483,50.108,48.483,49.837,992550
12/2/2020 12:00:00 AM,49.837,50.379,49.566,50.379,686600
12/3/2020 12:00:00 AM,50.559,51.282,50.559,50.92,639210
12/4/2020 12:00:00 AM,51.101,51.282,49.927,50.018,545990
12/7/2020 12:00:00 AM,50.108,50.83,49.927,50.559,565990
12/8/2020 12:00:00 AM,51.101,52.546,50.92,52.004,1601980
12/9/2020 12:00:00 AM,52.004,52.816,51.733,52.275,1283610
12/10/2020 12:00:00 AM,52.275,52.365,51.011,51.191,1116050
12/11/2020 12:00:00 AM,51.191,51.914,50.559,51.914,1161870
12/14/2020 12:00:00 AM,52.365,53.629,51.733,52.907,1530650
12/15/2020 12:00:00 AM,52.907,53.629,52.365,52.546,1522230
12/16/2020 12:00:00 AM,52.726,52.907,52.184,52.907,937270
12/17/2020 12:00:00 AM,52.726,52.907,51.462,51.462,1212490
12/18/2020 12:00:00 AM,51.462,52.094,51.101,51.552,1271560
12/21/2020 12:00:00 AM,52.004,52.184,51.372,51.552,1266240
12/22/2020 12:00:00 AM,51.552,51.823,51.282,51.372,871000
12/23/2020 12:00:00 AM,51.733,54.171,51.372,52.907,1934620
12/24/2020 12:00:00 AM,53.268,53.81,51.462,52.726,1191350
12/25/2020 12:00:00 AM,53.178,56.337,52.636,55.886,2812050
12/28/2020 12:00:00 AM,55.976,58.865,55.886,57.782,2393040
12/29/2020 12:00:00 AM,57.692,60.491,57.06,60.491,1342220
12/30/2020 12:00:00 AM,60.31,61.213,58.233,58.685,1719280
12/31/2020 12:00:00 AM,58.685,60.31,57.782,59.588,1317310
1/4/2021 12:00:00 AM,60.491,60.942,59.227,59.859,1192300
1/5/2021 12:00:00 AM,59.136,59.859,59.046,59.588,1018200
1/6/2021 12:00:00 AM,60.039,61.213,59.588,60.039,1472400
1/7/2021 12:00:00 AM,60.039,60.852,60.039,60.491,898000
1/8/2021 12:00:00 AM,61.213,62.296,61.032,61.664,1639800
1/11/2021 12:00:00 AM,62.567,62.567,60.4,61.484,1106000
1/12/2021 12:00:00 AM,61.213,61.755,60.581,61.574,641100
1/13/2021 12:00:00 AM,62.296,64.283,61.845,63.56,1738600
1/14/2021 12:00:00 AM,63.47,63.921,61.574,63.199,710400
1/15/2021 12:00:00 AM,63.38,63.38,62.206,62.657,1399200
1/18/2021 12:00:00 AM,62.657,62.928,61.574,61.935,1008300
1/19/2021 12:00:00 AM,61.935,62.296,57.601,58.685,1798900
1/20/2021 12:00:00 AM,57.872,58.865,54.712,58.053,1133400
1/21/2021 12:00:00 AM,58.233,59.588,57.872,59.317,638500
1/22/2021 12:00:00 AM,59.588,59.768,57.782,58.414,685900
1/25/2021 12:00:00 AM,58.233,58.414,57.782,57.782,695400
1/26/2021 12:00:00 AM,57.782,57.782,54.171,54.622,1166900
1/27/2021 12:00:00 AM,53.448,54.893,51.643,52.365,931000
1/28/2021 12:00:00 AM,49.205,51.462,48.754,48.754,1256500
1/29/2021 12:00:00 AM,46.045,51.643,46.045,51.011,1069500
2/1/2021 12:00:00 AM,51.372,51.914,48.212,48.302,1216900
2/2/2021 12:00:00 AM,49.024,50.108,47.219,49.386,573400
2/3/2021 12:00:00 AM,50.559,52.816,50.559,52.816,810900
2/4/2021 12:00:00 AM,54.08,54.08,52.455,52.455,922900
2/5/2021 12:00:00 AM,53.268,54.351,52.816,54.171,588100
2/8/2021 12:00:00 AM,55.073,55.073,50.65,51.823,914200
2/9/2021 12:00:00 AM,51.823,54.08,51.462,54.08,743300
2/17/2021 12:00:00 AM,54.622,55.886,54.171,55.886,872100
2/18/2021 12:00:00 AM,55.976,56.067,54.622,55.886,803300
2/19/2021 12:00:00 AM,55.073,55.886,54.983,55.525,424400
2/22/2021 12:00:00 AM,55.525,55.705,54.622,55.164,585300
2/23/2021 12:00:00 AM,54.622,54.983,53.9,54.622,954000
2/24/2021 12:00:00 AM,54.983,55.254,53.539,53.9,603300
2/25/2021 12:00:00 AM,54.171,54.622,53.268,53.81,676100
2/26/2021 12:00:00 AM,53.268,53.81,53.087,53.358,556000
3/1/2021 12:00:00 AM,53.9,55.976,53.629,55.796,941100
3/2/2021 12:00:00 AM,56.879,56.879,55.525,55.796,996300
3/3/2021 12:00:00 AM,55.886,55.976,55.254,55.344,489900
3/4/2021 12:00:00 AM,55.886,55.886,53.719,54.171,491000
3/5/2021 12:00:00 AM,53.99,53.99,52.816,53.268,744100
3/8/2021 12:00:00 AM,53.268,54.261,53.268,53.358,784000
3/9/2021 12:00:00 AM,53.268,53.358,52.275,53.178,570700
3/10/2021 12:00:00 AM,53.268,54.171,52.816,53.81,464200
3/11/2021 12:00:00 AM,54.622,54.803,54.261,54.622,561200
3/12/2021 12:00:00 AM,54.893,55.435,54.171,54.622,675600
3/15/2021 12:00:00 AM,54.622,54.712,54.171,54.261,393400
3/16/2021 12:00:00 AM,54.261,54.532,53.448,53.81,379700
3/17/2021 12:00:00 AM,53.99,53.99,53.448,53.81,391200
3/18/2021 12:00:00 AM,54.622,54.893,54.08,54.803,958800
3/19/2021 12:00:00 AM,54.803,57.511,54.803,55.073,3085100
3/22/2021 12:00:00 AM,56.879,56.969,56.067,56.157,1133700
3/23/2021 12:00:00 AM,56.157,56.337,55.164,55.705,868900
3/24/2021 12:00:00 AM,54.441,55.254,53.087,53.719,1152100
3/25/2021 12:00:00 AM,53.9,54.08,53.268,53.629,615600
3/26/2021 12:00:00 AM,53.448,53.719,51.462,52.726,788600
3/29/2021 12:00:00 AM,53.268,53.539,52.816,53.448,522800
3/30/2021 12:00:00 AM,54.171,54.622,53.629,54.171,882200
3/31/2021 12:00:00 AM,53.99,54.261,53.358,53.81,571200
4/1/2021 12:00:00 AM,54.08,55.073,53.719,54.983,1192800
4/2/2021 12:00:00 AM,55.525,56.518,55.254,55.796,1382400
4/5/2021 12:00:00 AM,56.879,56.879,54.803,54.803,1021500
4/6/2021 12:00:00 AM,54.622,55.976,54.441,55.615,938700
4/7/2021 12:00:00 AM,55.615,57.601,55.615,57.24,2403200
4/8/2021 12:00:00 AM,57.421,57.511,55.976,56.337,713300
4/9/2021 12:00:00 AM,55.976,56.879,55.796,56.337,551500
4/12/2021 12:00:00 AM,56.699,56.699,55.525,56.337,1036800
4/13/2021 12:00:00 AM,56.428,56.428,54.441,54.893,1533800
4/14/2021 12:00:00 AM,54.261,54.803,53.9,54.803,1345100
4/15/2021 12:00:00 AM,55.254,55.435,53.719,53.719,1388500
4/16/2021 12:00:00 AM,53.268,54.171,51.914,52.275,1365000
4/19/2021 12:00:00 AM,52.907,53.9,52.094,53.719,711700
4/20/2021 12:00:00 AM,53.9,55.073,53.539,54.171,1224900
4/22/2021 12:00:00 AM,54.171,54.622,52.365,52.365,1053600
4/23/2021 12:00:00 AM,52.365,53.268,51.823,53.268,779100
4/26/2021 12:00:00 AM,53.358,53.358,51.462,51.823,895000
4/27/2021 12:00:00 AM,51.823,51.914,51.011,51.372,590900
4/28/2021 12:00:00 AM,51.552,51.823,51.101,51.823,553200
4/29/2021 12:00:00 AM,51.823,52.275,51.372,51.733,393800
5/4/2021 12:00:00 AM,50.559,50.83,49.747,50.198,1157300
5/5/2021 12:00:00 AM,50.559,51.462,50.288,50.83,824900
5/6/2021 12:00:00 AM,50.83,51.914,50.198,50.559,719300
5/7/2021 12:00:00 AM,50.288,50.559,48.844,48.934,1177400
5/10/2021 12:00:00 AM,48.754,50.83,47.67,50.65,1265100
5/11/2021 12:00:00 AM,51.101,51.552,50.198,50.559,1034700
5/12/2021 12:00:00 AM,50.469,51.372,50.108,51.282,915400
5/13/2021 12:00:00 AM,50.559,51.011,50.018,50.198,828000
5/14/2021 12:00:00 AM,50.469,50.92,50.018,50.379,947900
5/17/2021 12:00:00 AM,50.379,50.559,49.115,49.295,661300
5/18/2021 12:00:00 AM,49.295,49.476,48.573,48.754,663200
5/19/2021 12:00:00 AM,48.754,48.754,48.031,48.031,596100
5/20/2021 12:00:00 AM,48.031,48.212,46.948,47.67,1023200
5/21/2021 12:00:00 AM,47.58,49.566,47.038,48.122,826800
5/24/2021 12:00:00 AM,49.386,49.476,48.754,49.024,461100
5/25/2021 12:00:00 AM,49.024,50.379,48.934,49.837,939400
5/26/2021 12:00:00 AM,49.927,50.74,49.837,50.108,925900
5/27/2021 12:00:00 AM,50.018,51.282,46.677,50.65,1109600
5/28/2021 12:00:00 AM,50.559,50.65,49.837,50.108,499300
5/31/2021 12:00:00 AM,49.656,50.018,48.754,48.844,653800
6/1/2021 12:00:00 AM,48.844,49.205,48.212,48.392,680900
6/2/2021 12:00:00 AM,48.392,48.483,47.941,48.392,658100
6/3/2021 12:00:00 AM,48.754,50.108,48.573,49.566,823800
6/4/2021 12:00:00 AM,49.656,51.914,49.656,51.552,2013000
6/7/2021 12:00:00 AM,51.914,53.719,51.643,52.816,2320700
6/8/2021 12:00:00 AM,52.816,53.719,50.83,51.462,1326600
6/9/2021 12:00:00 AM,51.011,51.191,49.656,50.92,1088500
6/10/2021 12:00:00 AM,50.92,50.92,49.837,50.108,1007100
6/11/2021 12:00:00 AM,50.559,52.004,50.469,51.733,1430200
6/14/2021 12:00:00 AM,52.816,54.803,52.365,54.171,3394700
6/15/2021 12:00:00 AM,54.171,55.525,53.9,55.254,2252500
6/16/2021 12:00:00 AM,55.073,55.525,54.171,54.441,1462800
6/17/2021 12:00:00 AM,53.539,55.976,53.358,55.976,1926300
6/18/2021 12:00:00 AM,55.976,56.247,55.073,55.073,1363900
6/21/2021 12:00:00 AM,55.073,55.073,53.448,53.9,1610800
6/22/2021 12:00:00 AM,54.622,55.073,53.99,54.08,1477500
6/23/2021 12:00:00 AM,54.622,54.622,52.365,53.087,1583600
6/24/2021 12:00:00 AM,52.816,53.99,52.275,52.365,1278900
6/25/2021 12:00:00 AM,52.365,52.816,51.552,52.636,1040900
6/28/2021 12:00:00 AM,53.268,54.441,52.726,54.171,1030400
6/29/2021 12:00:00 AM,54.171,54.351,53.178,53.358,930900
6/30/2021 12:00:00 AM,53.358,53.629,52.726,52.726,804400
7/1/2021 12:00:00 AM,53.178,53.539,52.365,53.268,1073300
7/2/2021 12:00:00 AM,53.719,54.08,52.907,53.358,959500
7/5/2021 12:00:00 AM,53.358,53.358,52.094,52.636,1030100
7/6/2021 12:00:00 AM,52.455,53.087,50.469,50.469,2888400
7/7/2021 12:00:00 AM,50.469,50.469,48.483,49.205,2063400
7/8/2021 12:00:00 AM,49.295,50.83,49.115,49.566,1036200
7/9/2021 12:00:00 AM,49.476,50.018,47.941,47.941,1000800
7/12/2021 12:00:00 AM,47.219,47.851,44.6,45.413,1807900
7/13/2021 12:00:00 AM,45.864,46.406,44.691,45.774,914200
7/14/2021 12:00:00 AM,45.864,46.226,44.239,45.142,793300
7/15/2021 12:00:00 AM,44.691,45.594,44.691,45.594,886900
7/16/2021 12:00:00 AM,46.045,46.858,45.774,46.045,1521200
7/19/2021 12:00:00 AM,45.052,45.413,43.336,43.336,1039700
7/20/2021 12:00:00 AM,43.336,45.052,42.434,45.052,803900
7/21/2021 12:00:00 AM,45.052,45.142,44.465,44.691,372300
7/22/2021 12:00:00 AM,44.781,46.045,44.6,45.864,621400
7/23/2021 12:00:00 AM,45.684,46.496,45.503,45.503,1060900
7/26/2021 12:00:00 AM,44.781,45.955,44.691,45.684,488800
7/27/2021 12:00:00 AM,46.316,46.406,45.413,45.594,656700
7/28/2021 12:00:00 AM,45.142,46.045,45.142,45.323,320800
7/29/2021 12:00:00 AM,45.594,45.774,45.323,45.503,427200
7/30/2021 12:00:00 AM,45.503,46.496,45.503,46.135,960300
8/2/2021 12:00:00 AM,46.677,47.76,46.226,47.219,981300
8/3/2021 12:00:00 AM,47.49,48.302,47.399,47.58,711900
8/4/2021 12:00:00 AM,47.851,48.754,47.58,48.573,1162100
8/5/2021 12:00:00 AM,48.212,48.483,47.941,48.392,659800
8/6/2021 12:00:00 AM,48.302,48.754,47.58,48.573,1125800
8/9/2021 12:00:00 AM,48.031,48.934,47.941,48.663,736800
8/10/2021 12:00:00 AM,48.754,49.115,48.031,48.212,694400
8/11/2021 12:00:00 AM,48.392,49.476,48.212,48.934,1348500
8/12/2021 12:00:00 AM,48.934,50.108,48.934,49.927,1430300
8/13/2021 12:00:00 AM,49.837,49.837,48.663,49.115,828900
8/16/2021 12:00:00 AM,49.205,49.566,48.663,48.934,1051700
8/17/2021 12:00:00 AM,48.934,49.024,48.392,48.392,884100
8/18/2021 12:00:00 AM,48.754,49.927,48.663,49.386,1304200
8/19/2021 12:00:00 AM,49.566,49.837,49.205,49.656,779400
8/20/2021 12:00:00 AM,49.656,49.927,46.858,48.212,1584200
8/23/2021 12:00:00 AM,48.031,48.031,46.948,46.948,1178300
8/24/2021 12:00:00 AM,46.948,47.49,46.587,47.49,765100
8/25/2021 12:00:00 AM,47.49,47.851,47.038,47.58,336100
8/26/2021 12:00:00 AM,47.76,48.573,47.399,47.49,591400
8/27/2021 12:00:00 AM,47.038,48.392,46.948,48.212,656900
8/30/2021 12:00:00 AM,48.392,49.656,48.392,49.656,1461400
8/31/2021 12:00:00 AM,50.559,51.914,50.469,51.462,2580900
9/1/2021 12:00:00 AM,51.733,51.733,51.011,51.282,1249800
9/6/2021 12:00:00 AM,51.372,51.643,50.83,50.92,845100
9/7/2021 12:00:00 AM,50.65,51.011,49.747,49.927,1459500
9/8/2021 12:00:00 AM,49.927,50.018,48.754,48.934,1200700
9/9/2021 12:00:00 AM,49.205,50.018,48.754,49.566,586800
9/10/2021 12:00:00 AM,49.566,50.74,49.205,50.559,921400
9/13/2021 12:00:00 AM,50.559,50.559,49.295,49.295,950400
9/14/2021 12:00:00 AM,49.295,49.656,48.573,48.754,755300
9/15/2021 12:00:00 AM,48.754,48.844,47.851,48.844,829000
9/16/2021 12:00:00 AM,48.934,49.566,48.754,49.205,499100
9/17/2021 12:00:00 AM,48.844,50.288,48.392,48.392,2249200
9/20/2021 12:00:00 AM,49.205,49.386,48.392,48.663,898700
9/21/2021 12:00:00 AM,48.031,50.379,48.031,50.288,1973900
9/22/2021 12:00:00 AM,50.559,53.358,50.559,53.268,4575300
9/23/2021 12:00:00 AM,53.719,53.719,52.094,52.184,1954900
9/24/2021 12:00:00 AM,52.365,53.629,52.004,53.087,1588700
9/27/2021 12:00:00 AM,52.455,53.087,51.011,51.011,2063500
9/28/2021 12:00:00 AM,51.011,53.178,50.288,52.997,1677700
9/29/2021 12:00:00 AM,52.726,53.268,52.004,52.365,1067500
9/30/2021 12:00:00 AM,52.997,53.719,52.726,52.726,1585700
10/1/2021 12:00:00 AM,52.365,52.816,51.823,52.275,1245400
10/4/2021 12:00:00 AM,52.365,54.712,52.365,53.719,3168000
10/5/2021 12:00:00 AM,53.9,54.532,53.629,54.08,1146900
10/6/2021 12:00:00 AM,54.261,55.525,54.171,55.073,1659500
10/7/2021 12:00:00 AM,54.712,56.428,54.712,55.886,2304900
10/8/2021 12:00:00 AM,55.976,56.699,54.893,55.254,1688100
10/11/2021 12:00:00 AM,55.525,55.976,54.622,55.976,1537400
10/12/2021 12:00:00 AM,56.157,56.337,54.893,55.886,1317300
10/13/2021 12:00:00 AM,55.615,55.886,54.171,54.171,1563600
10/14/2021 12:00:00 AM,54.261,54.803,54.08,54.08,1616100
10/15/2021 12:00:00 AM,54.261,54.622,53.719,53.99,1329600
10/18/2021 12:00:00 AM,53.9,54.893,53.268,53.81,1436700
10/19/2021 12:00:00 AM,54.171,55.705,53.448,55.435,2026200
10/20/2021 12:00:00 AM,55.435,55.796,53.9,54.622,1080800
10/21/2021 12:00:00 AM,54.622,54.983,53.9,54.171,746000
10/22/2021 12:00:00 AM,54.171,54.893,53.9,54.441,921200
10/25/2021 12:00:00 AM,56.157,58.233,55.976,58.233,4464000
10/26/2021 12:00:00 AM,59.046,60.039,57.782,58.053,2025500
10/27/2021 12:00:00 AM,58.053,59.227,57.692,58.595,1389800
10/28/2021 12:00:00 AM,58.595,59.678,57.782,59.227,2031200
10/29/2021 12:00:00 AM,59.497,59.588,58.324,58.414,1712800
11/1/2021 12:00:00 AM,58.414,59.407,57.782,57.872,1777400
11/2/2021 12:00:00 AM,57.872,58.504,57.601,58.504,1515700
11/3/2021 12:00:00 AM,58.504,59.046,57.331,57.331,1823100
11/4/2021 12:00:00 AM,57.782,58.414,57.331,57.331,992700
11/5/2021 12:00:00 AM,57.511,58.233,57.331,57.782,993300
11/8/2021 12:00:00 AM,58.602,58.877,57.778,58.145,868700
11/9/2021 12:00:00 AM,58.236,60.617,58.236,59.335,2081700
11/10/2021 12:00:00 AM,59.243,59.61,58.419,59.06,1093400
11/11/2021 12:00:00 AM,58.877,59.06,57.321,57.87,1274000
11/12/2021 12:00:00 AM,57.687,58.053,56.954,57.504,1434700
11/15/2021 12:00:00 AM,58.969,58.969,57.229,57.412,1172200
11/16/2021 12:00:00 AM,57.687,60.617,57.504,59.152,2630200
11/17/2021 12:00:00 AM,59.793,59.976,58.786,58.786,963200
11/18/2021 12:00:00 AM,58.877,59.243,58.145,58.786,1075800
11/19/2021 12:00:00 AM,58.511,58.786,54.757,55.947,3553500
11/22/2021 12:00:00 AM,55.489,56.313,54.024,55.123,1678800
11/23/2021 12:00:00 AM,54.757,57.137,54.757,57.137,1080800
11/24/2021 12:00:00 AM,57.229,57.504,56.588,57.504,1037500
11/25/2021 12:00:00 AM,57.595,58.969,57.595,57.778,1301100
11/26/2021 12:00:00 AM,58.145,58.145,56.313,56.954,1086700
11/29/2021 12:00:00 AM,56.13,57.504,55.855,56.771,938200
11/30/2021 12:00:00 AM,57.137,57.504,55.398,55.855,1345100
12/1/2021 12:00:00 AM,56.039,56.313,55.123,55.947,1262900
12/2/2021 12:00:00 AM,55.947,56.313,55.489,55.489,611300
12/3/2021 12:00:00 AM,55.947,55.947,52.925,52.925,1675000
12/6/2021 12:00:00 AM,52.925,53.475,50.636,52.651,1623800
12/7/2021 12:00:00 AM,52.925,53.566,52.651,53.475,665900
12/8/2021 12:00:00 AM,53.475,53.658,52.742,52.834,581500
12/9/2021 12:00:00 AM,52.834,53.2,52.467,52.925,741800
12/10/2021 12:00:00 AM,53.108,54.299,53.017,53.841,639500
12/13/2021 12:00:00 AM,54.207,54.665,53.658,54.207,655500
12/14/2021 12:00:00 AM,54.024,54.024,53.108,53.566,562100
12/15/2021 12:00:00 AM,53.566,53.658,52.651,53.292,630000
12/16/2021 12:00:00 AM,54.024,54.024,53.017,53.108,413600
12/17/2021 12:00:00 AM,53.108,53.566,52.651,52.742,739300
12/20/2021 12:00:00 AM,52.925,53.2,51.277,51.827,1114200
12/21/2021 12:00:00 AM,51.552,52.742,51.186,52.193,1416400
12/22/2021 12:00:00 AM,52.193,52.742,51.369,51.735,884600
12/23/2021 12:00:00 AM,51.735,51.918,50.27,50.27,1201300
12/24/2021 12:00:00 AM,50.545,51.46,50.087,51.277,898700
12/27/2021 12:00:00 AM,51.735,51.827,50.819,51.369,557000
12/28/2021 12:00:00 AM,51.277,51.369,50.819,51.002,663000
12/29/2021 12:00:00 AM,51.094,51.186,50.361,50.545,830900
12/30/2021 12:00:00 AM,50.728,50.911,50.361,50.453,675800
12/31/2021 12:00:00 AM,50.545,51.46,50.545,51.277,815800
1/4/2022 12:00:00 AM,51.277,52.559,51.277,52.101,623000
1/5/2022 12:00:00 AM,52.193,52.651,51.643,51.827,825200
1/6/2022 12:00:00 AM,51.827,51.918,51.186,51.46,700800
1/7/2022 12:00:00 AM,51.735,52.101,50.453,50.911,1011700
1/10/2022 12:00:00 AM,50.911,51.094,50.087,50.087,889000
1/11/2022 12:00:00 AM,50.087,50.361,48.347,49.263,783600
1/12/2022 12:00:00 AM,49.446,50.087,48.072,49.446,833500
1/13/2022 12:00:00 AM,49.995,51.186,49.446,49.446,987400
1/14/2022 12:00:00 AM,48.988,50.361,48.988,49.629,542700
1/17/2022 12:00:00 AM,50.27,50.27,48.164,48.255,646600
1/18/2022 12:00:00 AM,48.255,48.713,46.882,47.248,849500
1/19/2022 12:00:00 AM,47.248,47.981,47.065,47.523,459700
1/20/2022 12:00:00 AM,47.981,48.255,47.34,47.889,432700
1/21/2022 12:00:00 AM,47.798,48.439,47.706,48.072,484000
1/24/2022 12:00:00 AM,47.798,48.072,46.699,46.79,664500
1/25/2022 12:00:00 AM,46.516,47.431,46.149,47.248,457200
1/26/2022 12:00:00 AM,47.798,48.805,46.699,48.53,790000
1/27/2022 12:00:00 AM,48.439,49.995,47.889,49.263,722200
1/28/2022 12:00:00 AM,49.354,50.087,49.263,49.812,528100
2/7/2022 12:00:00 AM,50.819,51.277,50.178,50.819,882500
2/8/2022 12:00:00 AM,50.819,51.186,50.087,50.728,755700
2/9/2022 12:00:00 AM,50.728,51.735,50.545,51.186,893700
2/10/2022 12:00:00 AM,51.186,51.277,50.361,50.728,582900
2/11/2022 12:00:00 AM,50.636,50.819,50.178,50.453,410200
2/14/2022 12:00:00 AM,49.629,50.636,49.263,49.629,682400
2/15/2022 12:00:00 AM,49.72,50.27,49.446,50.178,450500
2/16/2022 12:00:00 AM,50.728,52.559,50.178,52.559,1909900
2/17/2022 12:00:00 AM,52.834,52.925,52.01,52.101,712300
2/18/2022 12:00:00 AM,52.01,53.108,51.643,52.467,860800
2/21/2022 12:00:00 AM,52.467,52.651,52.01,52.376,625700
2/22/2022 12:00:00 AM,52.101,52.284,51.186,51.552,1150700
2/23/2022 12:00:00 AM,51.552,53.017,51.552,52.742,970800
2/24/2022 12:00:00 AM,52.742,54.39,52.467,54.024,2656100
2/25/2022 12:00:00 AM,54.024,55.031,53.749,54.024,1061100
2/28/2022 12:00:00 AM,53.841,54.482,53.383,54.116,712800
3/1/2022 12:00:00 AM,54.299,55.855,54.207,54.757,1582400
3/2/2022 12:00:00 AM,54.665,55.306,54.024,54.024,1103800
3/3/2022 12:00:00 AM,54.116,54.665,53.383,54.024,928600
3/4/2022 12:00:00 AM,53.566,55.123,53.475,54.665,1259200
3/7/2022 12:00:00 AM,55.123,55.123,53.841,53.933,868700
3/8/2022 12:00:00 AM,53.292,54.482,53.292,53.475,647600
3/9/2022 12:00:00 AM,53.383,53.749,51.643,51.643,1797100
3/10/2022 12:00:00 AM,52.651,52.651,51.735,52.559,704500
3/11/2022 12:00:00 AM,52.284,53.383,52.01,52.193,646000
3/14/2022 12:00:00 AM,51.369,52.193,50.361,50.453,895400
3/15/2022 12:00:00 AM,50.27,50.545,49.995,50.453,762100
3/16/2022 12:00:00 AM,50.819,51.552,50.636,51.46,420700
3/17/2022 12:00:00 AM,51.735,52.101,51.094,51.46,346800
3/18/2022 12:00:00 AM,51.369,51.643,51.094,51.369,820100
3/21/2022 12:00:00 AM,52.101,53.658,51.46,53.566,1400800
3/22/2022 12:00:00 AM,53.841,54.299,53.108,53.566,899900
3/23/2022 12:00:00 AM,53.566,54.757,53.2,54.024,1281500
3/24/2022 12:00:00 AM,53.933,54.665,53.566,53.841,681200
3/25/2022 12:00:00 AM,54.024,54.207,53.108,53.566,608300
3/28/2022 12:00:00 AM,53.566,53.566,52.925,53.566,912400
3/29/2022 12:00:00 AM,53.658,56.313,53.566,56.222,2592800
3/30/2022 12:00:00 AM,55.855,57.504,55.672,56.496,1899300
3/31/2022 12:00:00 AM,56.496,57.137,56.313,56.313,1150200
4/1/2022 12:00:00 AM,55.855,58.969,55.855,58.053,3758200
4/4/2022 12:00:00 AM,58.511,59.701,58.145,58.236,2376500
4/5/2022 12:00:00 AM,57.87,58.511,57.595,58.419,1520600
4/6/2022 12:00:00 AM,57.687,59.884,57.687,59.701,2574400
4/7/2022 12:00:00 AM,59.976,60.8,58.969,58.969,2039800
4/8/2022 12:00:00 AM,58.877,59.976,58.145,58.145,1314000
4/12/2022 12:00:00 AM,58.145,58.511,54.94,54.94,1935300
4/13/2022 12:00:00 AM,55.855,58.236,54.482,57.962,1698200
4/14/2022 12:00:00 AM,58.419,59.152,57.229,57.229,1343300
4/15/2022 12:00:00 AM,57.137,61.166,57.046,61.166,3373000
4/18/2022 12:00:00 AM,61.807,62.723,60.892,61.166,3846200
4/19/2022 12:00:00 AM,61.441,64.097,60.159,60.159,2632100
4/20/2022 12:00:00 AM,59.518,61.258,58.602,58.602,2744400
4/21/2022 12:00:00 AM,57.687,62.631,55.855,60.892,3570900
4/22/2022 12:00:00 AM,61.35,62.448,56.68,57.687,3200800
4/25/2022 12:00:00 AM,57.687,58.145,53.658,53.658,2724200
4/26/2022 12:00:00 AM,50.728,56.771,49.995,56.68,2891900
4/27/2022 12:00:00 AM,55.855,56.313,54.116,56.313,1138200
4/28/2022 12:00:00 AM,56.313,56.954,54.94,54.94,977400
4/29/2022 12:00:00 AM,54.299,57.229,54.299,56.863,1652200
5/4/2022 12:00:00 AM,56.68,59.427,56.039,57.687,1951400
5/5/2022 12:00:00 AM,58.602,59.427,57.229,58.602,1707000
5/6/2022 12:00:00 AM,57.595,60.617,57.229,58.419,3122600
5/9/2022 12:00:00 AM,58.236,58.236,54.39,54.39,2433000
5/10/2022 12:00:00 AM,52.193,54.94,51.369,54.94,1831600
5/11/2022 12:00:00 AM,54.39,54.757,52.834,53.566,1574900
5/12/2022 12:00:00 AM,52.559,53.475,49.904,49.904,3026900
5/13/2022 12:00:00 AM,49.72,50.087,46.424,46.424,3115600
5/16/2022 12:00:00 AM,47.614,49.446,43.86,43.86,1700500
5/17/2022 12:00:00 AM,43.036,46.882,43.036,46.882,1824800
5/18/2022 12:00:00 AM,47.523,48.072,46.241,46.424,1289600
5/19/2022 12:00:00 AM,45.051,46.607,45.005,45.875,1582900
5/20/2022 12:00:00 AM,45.783,47.157,45.646,45.966,1463400
5/23/2022 12:00:00 AM,46.699,47.523,45.279,46.516,1398000
5/24/2022 12:00:00 AM,46.607,46.973,44.822,46.607,1102000
5/25/2022 12:00:00 AM,46.516,48.896,46.516,48.347,1860300
5/26/2022 12:00:00 AM,48.439,49.354,47.706,48.988,1449900
5/27/2022 12:00:00 AM,49.171,49.629,48.805,49.08,1158300
5/30/2022 12:00:00 AM,49.08,49.904,48.713,48.988,1193800
5/31/2022 12:00:00 AM,48.988,48.988,47.523,48.164,1959400
6/1/2022 12:00:00 AM,48.164,48.896,47.614,48.439,1111900
6/2/2022 12:00:00 AM,48.439,50.728,48.255,49.537,2407700
6/3/2022 12:00:00 AM,49.537,49.904,49.08,49.629,1013700
6/6/2022 12:00:00 AM,49.446,50.911,49.354,49.537,1799800
6/7/2022 12:00:00 AM,49.446,52.01,47.706,51.369,3214100
6/8/2022 12:00:00 AM,51.46,52.01,50.636,50.728,1562000
6/9/2022 12:00:00 AM,50.178,51.002,50.087,50.361,723400
6/10/2022 12:00:00 AM,49.904,51.46,49.263,49.263,2205200
6/13/2022 12:00:00 AM,47.889,48.896,45.875,45.875,2739800
6/14/2022 12:00:00 AM,45.783,47.065,45.325,47.065,1253100
6/15/2022 12:00:00 AM,46.332,47.431,45.325,47.065,1126300
6/16/2022 12:00:00 AM,47.614,48.988,47.523,47.981,2262900
6/17/2022 12:00:00 AM,47.157,47.981,46.424,47.157,1231100
6/20/2022 12:00:00 AM,46.882,47.981,46.058,46.149,1055700
6/21/2022 12:00:00 AM,46.424,47.798,46.149,47.157,1282400
6/22/2022 12:00:00 AM,47.614,48.072,46.516,46.79,845200
6/23/2022 12:00:00 AM,46.699,48.439,46.699,48.255,1029700
6/24/2022 12:00:00 AM,48.439,50.819,48.255,50.178,2319800
6/27/2022 12:00:00 AM,50.545,50.728,49.904,50.453,881200
6/28/2022 12:00:00 AM,50.361,51.735,50.087,51.552,1981100
6/29/2022 12:00:00 AM,50.911,51.369,50.087,50.361,1006400
6/30/2022 12:00:00 AM,50.361,50.728,48.072,48.072,1386600
7/1/2022 12:00:00 AM,47.798,49.904,47.798,48.622,960000
7/4/2022 12:00:00 AM,48.988,49.629,48.988,49.171,591100
7/5/2022 12:00:00 AM,49.446,50.178,48.255,48.347,1103800
7/6/2022 12:00:00 AM,48.164,50.087,48.072,48.53,1496500
7/7/2022 12:00:00 AM,48.896,50.911,48.713,50.361,1661700
7/8/2022 12:00:00 AM,50.545,51.094,49.995,49.995,954700
7/11/2022 12:00:00 AM,49.812,50.819,49.629,49.995,995400
7/12/2022 12:00:00 AM,50.545,51.735,49.72,51.186,1108000
7/13/2022 12:00:00 AM,51.369,53.566,51.277,53.108,2132000
7/14/2022 12:00:00 AM,52.925,53.108,52.376,53.017,740200
7/15/2022 12:00:00 AM,53.017,53.017,51.735,51.735,1162000
7/18/2022 12:00:00 AM,51.918,53.017,50.728,52.467,1542600
7/19/2022 12:00:00 AM,52.559,52.559,51.46,52.284,574000
7/20/2022 12:00:00 AM,52.467,53.658,52.284,52.651,1477400
7/21/2022 12:00:00 AM,52.376,52.559,51.918,51.918,701800
7/22/2022 12:00:00 AM,52.193,52.651,51.369,51.552,1005800
7/25/2022 12:00:00 AM,51.735,51.735,50.087,50.728,1292000
7/26/2022 12:00:00 AM,50.819,51.186,49.812,49.812,955600
7/27/2022 12:00:00 AM,49.629,52.376,48.988,52.376,1513000
7/28/2022 12:00:00 AM,52.651,52.742,51.827,51.827,784800
7/29/2022 12:00:00 AM,52.193,53.566,52.01,52.925,1564700
8/1/2022 12:00:00 AM,52.834,54.665,52.284,54.207,2168600
8/2/2022 12:00:00 AM,54.024,54.299,53.383,53.933,1050700
8/3/2022 12:00:00 AM,53.108,53.933,53.108,53.475,1039100
8/4/2022 12:00:00 AM,53.933,55.123,53.475,53.475,1850800
8/5/2022 12:00:00 AM,53.475,53.841,53.108,53.841,625800
8/8/2022 12:00:00 AM,54.024,55.215,53.383,53.749,1456500
8/9/2022 12:00:00 AM,53.475,54.207,53.108,53.383,1249600
8/10/2022 12:00:00 AM,53.383,53.658,52.376,52.651,1532300
8/11/2022 12:00:00 AM,52.834,53.108,51.918,51.918,1022100
8/12/2022 12:00:00 AM,51.918,53.292,51.827,53.292,750100
8/15/2022 12:00:00 AM,53.566,53.566,52.742,53.017,766900
8/16/2022 12:00:00 AM,53.017,53.292,52.651,52.651,612400
8/17/2022 12:00:00 AM,52.742,53.108,51.918,52.01,974000
8/18/2022 12:00:00 AM,52.01,52.651,51.277,51.735,1061000
8/19/2022 12:00:00 AM,51.643,52.467,51.002,51.094,1142700
8/22/2022 12:00:00 AM,51.094,52.651,51.002,52.193,899200
8/23/2022 12:00:00 AM,52.101,52.284,51.827,52.01,761300
8/24/2022 12:00:00 AM,52.193,52.742,51.918,52.101,1228000
8/25/2022 12:00:00 AM,52.284,52.742,52.101,52.193,949200
8/26/2022 12:00:00 AM,52.559,53.475,52.193,52.193,1554000
8/29/2022 12:00:00 AM,52.01,52.834,51.369,52.467,1383300
8/30/2022 12:00:00 AM,52.651,53.108,52.376,52.559,917800
8/31/2022 12:00:00 AM,52.559,54.482,52.559,53.566,2855900
9/5/2022 12:00:00 AM,53.658,55.215,53.658,54.574,2596700
9/6/2022 12:00:00 AM,54.94,55.123,54.116,54.116,1440500
9/7/2022 12:00:00 AM,54.024,54.482,51.827,51.827,2796400
9/8/2022 12:00:00 AM,52.376,52.559,51.277,51.277,1498800
9/9/2022 12:00:00 AM,51.277,52.01,50.911,51.827,1529200
9/12/2022 12:00:00 AM,52.193,52.467,51.735,51.827,829086
9/13/2022 12:00:00 AM,52.01,52.193,51.46,51.735,577276
9/14/2022 12:00:00 AM,51.094,52.01,51.094,51.643,883034
9/15/2022 12:00:00 AM,51.735,52.193,51.735,51.827,550536
9/16/2022 12:00:00 AM,51.827,52.01,51.186,51.277,953273
9/19/2022 12:00:00 AM,51.277,51.369,48.622,48.622,1978264
9/20/2022 12:00:00 AM,48.805,49.904,48.347,49.812,1060325
9/21/2022 12:00:00 AM,48.988,50.453,48.622,50.453,743845
9/22/2022 12:00:00 AM,50.361,50.911,49.812,50.545,630138
9/23/2022 12:00:00 AM,51.369,54.024,51.277,53.475,4406850
9/26/2022 12:00:00 AM,53.292,54.482,51.827,53.017,2255304
9/27/2022 12:00:00 AM,53.475,53.658,52.467,52.559,1002442
9/28/2022 12:00:00 AM,52.193,52.651,49.995,51.277,2186466
9/29/2022 12:00:00 AM,51.735,52.101,48.988,48.988,1547224
9/30/2022 12:00:00 AM,48.988,49.812,47.248,48.988,1718846
10/3/2022 12:00:00 AM,48.988,49.446,45.6,45.6,1381387
10/4/2022 12:00:00 AM,46.79,46.973,44.135,44.135,1683693
10/5/2022 12:00:00 AM,45.508,46.882,45.051,46.332,978721
10/6/2022 12:00:00 AM,46.332,46.607,44.41,44.776,1088297
10/7/2022 12:00:00 AM,44.501,44.593,42.67,44.135,1482389
10/10/2022 12:00:00 AM,43.494,46.332,43.494,45.783,1099841
10/11/2022 12:00:00 AM,45.783,45.783,43.036,43.036,1190045
10/12/2022 12:00:00 AM,43.173,45.325,43.173,44.455,692519
10/13/2022 12:00:00 AM,44.41,45.325,44.226,45.096,707510
10/14/2022 12:00:00 AM,45.875,46.516,45.325,46.424,1097880
10/17/2022 12:00:00 AM,45.966,46.424,45.234,46.424,554457
10/18/2022 12:00:00 AM,47.157,47.248,46.424,46.607,582640
10/19/2022 12:00:00 AM,46.882,46.973,46.241,46.882,559028
10/20/2022 12:00:00 AM,46.882,47.065,46.058,46.699,520233
10/21/2022 12:00:00 AM,46.607,46.607,43.906,43.998,912005
10/24/2022 12:00:00 AM,44.867,44.959,43.402,43.86,788739
10/25/2022 12:00:00 AM,44.867,46.607,44.089,45.783,1137187
10/26/2022 12:00:00 AM,45.783,46.882,45.783,46.882,602943
10/27/2022 12:00:00 AM,46.882,48.53,46.882,48.53,867293
10/28/2022 12:00:00 AM,48.988,49.171,47.34,48.072,825400
10/31/2022 12:00:00 AM,48.347,48.347,46.607,48.072,786005
11/1/2022 12:00:00 AM,47.157,48.896,47.157,48.53,1036627
11/2/2022 12:00:00 AM,48.347,48.622,47.614,47.614,636502
11/3/2022 12:00:00 AM,46.882,48.072,46.882,47.981,493932
11/4/2022 12:00:00 AM,47.523,47.614,44.959,45.783,899216
11/7/2022 12:00:00 AM,45.417,46.424,44.776,44.776,644681
11/8/2022 12:00:00 AM,44.593,46.607,44.135,46.516,636444
11/9/2022 12:00:00 AM,47.614,48.255,46.79,46.973,694873
11/10/2022 12:00:00 AM,46.699,46.882,43.814,44.547,1061733
11/11/2022 12:00:00 AM,44.959,45.692,44.547,44.867,428230
11/14/2022 12:00:00 AM,44.41,44.867,43.265,43.585,814130
11/15/2022 12:00:00 AM,43.677,43.677,40.564,40.564,2079760
11/16/2022 12:00:00 AM,38,43.402,37.725,43.311,1764782
11/17/2022 12:00:00 AM,43.677,44.455,43.311,43.402,611145
11/18/2022 12:00:00 AM,43.494,44.547,42.12,44.226,775618
11/21/2022 12:00:00 AM,44.364,44.867,43.585,43.677,510500
11/22/2022 12:00:00 AM,43.906,45.051,43.677,44.089,618744
11/23/2022 12:00:00 AM,44.135,44.959,44.089,44.547,401428
11/24/2022 12:00:00 AM,44.776,44.776,44.272,44.593,503002
11/25/2022 12:00:00 AM,45.397,45.886,44.812,45.788,427437
11/28/2022 12:00:00 AM,46.081,46.764,45.69,45.69,854928
11/29/2022 12:00:00 AM,45.397,46.764,45.3,46.081,782042
11/30/2022 12:00:00 AM,46.667,47.789,45.69,47.301,1188658
12/1/2022 12:00:00 AM,47.741,47.741,46.471,46.667,1091269
12/2/2022 12:00:00 AM,45.983,47.252,45.886,47.057,837273
12/5/2022 12:00:00 AM,47.448,49.303,47.448,49.303,1576683
12/6/2022 12:00:00 AM,49.01,49.01,46.862,46.862,913766
12/7/2022 12:00:00 AM,46.764,47.448,46.667,47.155,620854
12/8/2022 12:00:00 AM,47.545,48.326,46.764,47.35,683638
12/9/2022 12:00:00 AM,47.35,47.35,46.227,46.764,760415
12/12/2022 12:00:00 AM,46.667,47.838,46.52,47.35,760577
12/13/2022 12:00:00 AM,47.399,48.717,46.862,48.717,1451295
12/14/2022 12:00:00 AM,49.303,49.596,48.033,48.57,691561
12/15/2022 12:00:00 AM,48.57,48.815,48.082,48.326,653017
12/16/2022 12:00:00 AM,47.448,48.424,47.448,48.424,1032129
12/19/2022 12:00:00 AM,48.229,48.229,47.057,47.057,642516
12/20/2022 12:00:00 AM,46.862,47.936,45.397,46.862,1173096
12/21/2022 12:00:00 AM,46.862,47.155,46.374,46.862,483769
12/22/2022 12:00:00 AM,47.057,47.448,46.423,47.057,309402
12/23/2022 12:00:00 AM,46.667,47.057,46.374,46.764,493147
12/26/2022 12:00:00 AM,46.667,46.862,44.421,44.421,494247
12/27/2022 12:00:00 AM,44.421,45.886,44.421,45.397,460303
12/28/2022 12:00:00 AM,45.934,45.934,44.909,45.593,148092
12/29/2022 12:00:00 AM,45.593,46.227,45.397,45.397,457882
12/30/2022 12:00:00 AM,45.593,45.983,45.495,45.495,140513
1/3/2023 12:00:00 AM,45.544,46.618,45.397,46.569,270705
1/4/2023 12:00:00 AM,46.764,46.862,46.374,46.569,507376
1/5/2023 12:00:00 AM,46.862,47.252,46.715,46.911,285399
1/6/2023 12:00:00 AM,47.252,47.594,46.764,46.911,493419
1/9/2023 12:00:00 AM,46.96,47.448,46.715,46.764,187823
1/10/2023 12:00:00 AM,46.862,46.96,46.374,46.862,274616
1/11/2023 12:00:00 AM,47.252,47.643,46.862,47.448,523942
1/12/2023 12:00:00 AM,47.741,48.229,47.448,47.936,457245
1/13/2023 12:00:00 AM,48.131,48.326,47.692,47.741,293961
1/16/2023 12:00:00 AM,47.741,47.936,47.008,47.008,282760
1/17/2023 12:00:00 AM,47.057,47.594,47.008,47.448,442661
1/18/2023 12:00:00 AM,47.545,47.789,47.057,47.252,495507
1/19/2023 12:00:00 AM,47.252,48.815,47.204,48.717,1090759
1/27/2023 12:00:00 AM,48.766,50.377,48.766,49.791,711679
1/30/2023 12:00:00 AM,49.693,50.279,49.01,49.303,637123
1/31/2023 12:00:00 AM,49.303,49.303,48.424,49.205,669450
2/1/2023 12:00:00 AM,49.303,50.572,48.424,48.815,1368482
2/2/2023 12:00:00 AM,49.303,49.4,47.741,48.766,415156
2/3/2023 12:00:00 AM,48.815,49.303,47.936,48.522,471833
2/6/2023 12:00:00 AM,48.57,49.4,48.033,49.4,593974
2/7/2023 12:00:00 AM,49.205,49.693,48.033,48.033,467053
2/8/2023 12:00:00 AM,48.082,48.912,47.936,48.082,481415
2/9/2023 12:00:00 AM,48.326,48.815,48.082,48.18,153465
2/10/2023 12:00:00 AM,48.424,49.01,47.887,48.619,560583
2/13/2023 12:00:00 AM,48.619,48.619,47.35,47.35,359528
2/14/2023 12:00:00 AM,48.033,48.229,47.643,47.936,181476
2/15/2023 12:00:00 AM,47.936,48.57,47.838,48.229,162281
2/16/2023 12:00:00 AM,48.424,49.205,48.131,48.912,402823
2/17/2023 12:00:00 AM,48.912,49.986,48.766,49.205,761689
2/20/2023 12:00:00 AM,49.791,49.986,49.303,49.986,569608
2/21/2023 12:00:00 AM,50.181,50.181,49.205,49.303,375605
2/22/2023 12:00:00 AM,48.815,49.986,48.815,48.815,446152
2/23/2023 12:00:00 AM,48.815,48.815,47.838,48.424,463730
2/24/2023 12:00:00 AM,48.619,48.619,47.741,47.741,240332
2/27/2023 12:00:00 AM,47.692,47.692,46.96,47.057,393026
2/28/2023 12:00:00 AM,47.106,47.838,47.057,47.35,163969
3/1/2023 12:00:00 AM,47.399,48.326,47.057,48.278,243782
3/2/2023 12:00:00 AM,48.278,48.278,47.838,47.838,122212
3/3/2023 12:00:00 AM,48.278,48.326,47.301,47.301,176085
3/6/2023 12:00:00 AM,47.496,47.741,46.862,46.862,180547
3/7/2023 12:00:00 AM,47.106,47.838,47.008,47.155,186001
3/8/2023 12:00:00 AM,47.155,47.838,47.008,47.838,155668
3/9/2023 12:00:00 AM,47.936,48.326,47.594,48.278,222712
3/10/2023 12:00:00 AM,48.033,48.033,47.448,48.033,112718
3/13/2023 12:00:00 AM,47.838,48.522,47.252,48.326,489198
3/14/2023 12:00:00 AM,48.131,48.229,47.545,47.545,160339
3/15/2023 12:00:00 AM,48.326,48.326,47.643,48.131,339061
3/16/2023 12:00:00 AM,48.082,48.131,47.35,47.448,117483
3/17/2023 12:00:00 AM,47.838,48.815,47.301,48.815,844718
3/20/2023 12:00:00 AM,48.815,48.815,47.741,47.838,324259
3/21/2023 12:00:00 AM,47.887,48.229,47.545,47.838,211947
3/22/2023 12:00:00 AM,48.18,48.18,47.594,47.838,193543
3/23/2023 12:00:00 AM,47.643,47.838,47.35,47.741,199425
3/24/2023 12:00:00 AM,47.741,47.838,46.862,47.35,296665
3/27/2023 12:00:00 AM,47.35,47.545,47.106,47.35,278258
3/28/2023 12:00:00 AM,47.35,47.838,47.35,47.35,175618
3/29/2023 12:00:00 AM,47.545,47.545,47.008,47.155,193889
3/30/2023 12:00:00 AM,47.155,47.448,47.155,47.301,114484
3/31/2023 12:00:00 AM,47.35,47.496,47.252,47.301,144273
4/3/2023 12:00:00 AM,47.448,47.838,47.448,47.838,275818
4/4/2023 12:00:00 AM,48.131,48.131,47.594,48.033,174898
4/5/2023 12:00:00 AM,48.033,48.131,47.643,47.887,182839
4/6/2023 12:00:00 AM,48.229,48.229,47.35,47.35,239190
4/7/2023 12:00:00 AM,47.35,47.496,47.204,47.35,192988
4/10/2023 12:00:00 AM,47.496,47.838,47.301,47.741,225906
4/11/2023 12:00:00 AM,47.545,47.985,47.399,47.985,155640
4/12/2023 12:00:00 AM,48.082,48.082,47.35,47.35,260764
4/13/2023 12:00:00 AM,47.35,47.448,47.252,47.252,222196
4/14/2023 12:00:00 AM,47.35,47.399,46.862,46.862,358924
4/17/2023 12:00:00 AM,46.96,47.008,46.081,46.081,439789
4/18/2023 12:00:00 AM,46.862,46.862,45.788,45.886,235064
4/19/2023 12:00:00 AM,45.983,45.983,45.056,45.056,365918
4/20/2023 12:00:00 AM,45.3,46.227,45.3,45.886,220882
4/21/2023 12:00:00 AM,46.178,46.178,45.349,45.739,236813
4/24/2023 12:00:00 AM,45.788,45.788,45.251,45.3,146335
4/25/2023 12:00:00 AM,45.3,45.397,44.519,44.519,277622
4/26/2023 12:00:00 AM,44.519,44.812,43.933,44.763,362816
4/27/2023 12:00:00 AM,44.812,45.153,43.787,43.787,556755
4/28/2023 12:00:00 AM,43.835,44.372,43.787,43.835,267803
5/4/2023 12:00:00 AM,43.835,44.665,43.835,44.177,297917
5/5/2023 12:00:00 AM,44.177,45.153,44.177,44.812,309439
5/8/2023 12:00:00 AM,44.812,45.153,44.714,44.909,298149
5/9/2023 12:00:00 AM,45.251,45.251,44.86,44.909,224131
5/10/2023 12:00:00 AM,45.153,45.153,44.714,44.86,319955
5/11/2023 12:00:00 AM,44.909,45.153,44.519,44.616,469375
5/12/2023 12:00:00 AM,44.665,44.909,43.982,44.909,627611
5/15/2023 12:00:00 AM,44.909,45.349,44.372,44.421,600230
5/16/2023 12:00:00 AM,44.421,44.86,44.128,44.226,277772
5/17/2023 12:00:00 AM,44.226,44.324,43.982,43.982,332291
5/18/2023 12:00:00 AM,44.128,44.226,43.738,43.738,625992
5/19/2023 12:00:00 AM,43.884,44.324,43.25,43.25,640470
5/22/2023 12:00:00 AM,43.25,43.445,42.761,42.761,1040679
5/23/2023 12:00:00 AM,42.761,43.542,42.761,43.542,830449
5/24/2023 12:00:00 AM,43.738,44.079,43.396,43.396,480185
5/25/2023 12:00:00 AM,43.347,43.591,42.957,43.054,383590
5/26/2023 12:00:00 AM,42.957,43.445,42.469,42.517,974542
5/29/2023 12:00:00 AM,42.81,43.103,42.469,42.908,552562
5/30/2023 12:00:00 AM,43.054,43.347,42.664,42.761,571230
5/31/2023 12:00:00 AM,42.761,42.908,42.469,42.469,674593
6/1/2023 12:00:00 AM,42.469,42.859,42.371,42.615,432137
6/2/2023 12:00:00 AM,42.859,43.25,42.859,43.054,1094501
6/5/2023 12:00:00 AM,43.64,43.982,43.396,43.445,950858
6/6/2023 12:00:00 AM,43.494,44.128,43.494,43.884,1197108
6/7/2023 12:00:00 AM,43.933,44.079,43.445,43.591,593195
6/8/2023 12:00:00 AM,43.64,43.933,43.054,43.054,840444
6/9/2023 12:00:00 AM,42.957,43.103,42.615,42.761,687605
6/12/2023 12:00:00 AM,42.664,43.445,42.664,43.445,926341
6/13/2023 12:00:00 AM,43.835,44.616,43.738,43.933,1767002
6/14/2023 12:00:00 AM,43.982,44.421,43.445,43.542,885732
6/15/2023 12:00:00 AM,43.689,43.787,43.103,43.347,855851
6/16/2023 12:00:00 AM,43.591,43.982,43.006,43.006,978872
6/19/2023 12:00:00 AM,42.957,43.152,42.615,42.664,717610
6/20/2023 12:00:00 AM,42.664,42.957,42.469,42.957,644401
6/21/2023 12:00:00 AM,43.006,43.152,42.615,43.103,661740
6/22/2023 12:00:00 AM,43.396,43.396,42.859,43.103,1121911
6/23/2023 12:00:00 AM,43.25,44.031,43.201,44.031,1824280
6/26/2023 12:00:00 AM,44.226,44.47,43.542,44.177,1300614
6/27/2023 12:00:00 AM,44.519,44.86,44.128,44.226,1276436
6/28/2023 12:00:00 AM,44.079,44.714,43.982,44.079,722096
6/29/2023 12:00:00 AM,44.177,44.177,43.25,43.25,1112676
6/30/2023 12:00:00 AM,43.347,43.347,43.006,43.054,788215
7/3/2023 12:00:00 AM,43.347,43.64,43.152,43.445,498530
7/4/2023 12:00:00 AM,43.542,43.982,43.396,43.982,878726
7/5/2023 12:00:00 AM,43.982,44.031,43.738,43.738,533849
7/6/2023 12:00:00 AM,43.738,44.519,43.738,43.933,1983279
7/7/2023 12:00:00 AM,44.177,44.275,43.738,44.177,679154
7/10/2023 12:00:00 AM,44.421,44.568,44.226,44.519,1179196
7/11/2023 12:00:00 AM,44.714,44.714,44.275,44.421,1394330
7/12/2023 12:00:00 AM,44.519,46.276,44.47,45.739,1972370
7/13/2023 12:00:00 AM,46.276,46.374,45.739,45.886,1044027
7/14/2023 12:00:00 AM,45.934,46.081,45.202,45.69,1476168
7/17/2023 12:00:00 AM,45.886,46.178,45.349,46.178,977361
7/18/2023 12:00:00 AM,46.178,46.667,45.886,45.934,776704
7/19/2023 12:00:00 AM,45.934,46.081,45.642,45.788,790170
7/20/2023 12:00:00 AM,45.593,45.886,45.446,45.69,574695
7/21/2023 12:00:00 AM,45.837,46.862,45.739,46.374,1429572
7/24/2023 12:00:00 AM,46.569,46.715,45.983,46.13,879162
7/25/2023 12:00:00 AM,46.13,46.13,45.446,45.788,1215673
7/26/2023 12:00:00 AM,45.788,46.032,45.495,45.544,845138
7/27/2023 12:00:00 AM,45.593,45.983,45.3,45.446,874731
7/28/2023 12:00:00 AM,45.3,45.739,45.251,45.544,667084
7/31/2023 12:00:00 AM,45.983,47.252,45.983,47.008,1959818
8/1/2023 12:00:00 AM,47.204,47.252,46.13,46.13,1367797
8/2/2023 12:00:00 AM,46.178,47.008,45.788,46.715,1144014
8/3/2023 12:00:00 AM,46.715,46.862,46.081,46.178,862087
8/4/2023 12:00:00 AM,46.374,46.423,45.934,45.983,1064460
8/7/2023 12:00:00 AM,46.13,46.862,46.032,46.862,1314263
8/8/2023 12:00:00 AM,47.057,47.106,46.374,46.423,991805
8/9/2023 12:00:00 AM,46.618,46.618,46.178,46.276,675022
8/10/2023 12:00:00 AM,46.569,46.764,45.886,45.886,620395
8/11/2023 12:00:00 AM,45.934,46.032,45.349,45.593,1077264
8/14/2023 12:00:00 AM,45.837,46.081,45.544,45.788,598128
8/15/2023 12:00:00 AM,45.788,46.862,45.69,46.081,524379
8/16/2023 12:00:00 AM,45.934,46.081,45.69,45.788,530552
8/17/2023 12:00:00 AM,45.739,45.788,45.397,45.397,676904
8/18/2023 12:00:00 AM,45.397,45.69,43.152,43.152,1903567
8/21/2023 12:00:00 AM,43.152,43.982,42.908,43.542,1025940
8/22/2023 12:00:00 AM,43.591,44.372,43.347,44.324,944311
8/23/2023 12:00:00 AM,44.421,44.519,43.884,44.421,455885
8/24/2023 12:00:00 AM,43.982,44.421,43.982,44.324,361426
8/25/2023 12:00:00 AM,44.421,44.421,43.787,43.835,540990
8/28/2023 12:00:00 AM,43.835,44.031,43.591,43.835,592140
8/29/2023 12:00:00 AM,43.884,44.372,43.738,43.738,738196
8/30/2023 12:00:00 AM,43.933,44.128,43.787,43.982,453639
8/31/2023 12:00:00 AM,44.031,44.324,43.982,44.128,1098972
9/5/2023 12:00:00 AM,44.226,44.812,44.226,44.372,732198
9/6/2023 12:00:00 AM,44.616,44.665,44.275,44.568,581226
9/7/2023 12:00:00 AM,44.714,44.909,44.421,44.665,1010831
9/8/2023 12:00:00 AM,44.665,44.909,44.47,44.568,438212
9/11/2023 12:00:00 AM,44.616,45.3,44.421,44.421,921661
9/12/2023 12:00:00 AM,44.421,44.714,44.324,44.714,456983
9/13/2023 12:00:00 AM,44.86,44.958,44.421,44.47,805707
9/14/2023 12:00:00 AM,44.47,44.519,43.787,44.128,670680
9/15/2023 12:00:00 AM,44.128,44.421,43.835,43.835,600696
9/18/2023 12:00:00 AM,43.835,44.128,43.445,43.738,542224
9/19/2023 12:00:00 AM,43.787,43.835,42.713,43.006,1740991
9/20/2023 12:00:00 AM,43.103,43.738,42.908,43.542,309854
9/21/2023 12:00:00 AM,43.542,43.738,43.298,43.298,300708
9/22/2023 12:00:00 AM,42.957,43.054,41.98,42.566,881252
9/25/2023 12:00:00 AM,42.664,42.957,41.199,41.199,749110
9/26/2023 12:00:00 AM,41.004,41.834,40.711,41.004,1153842
9/27/2023 12:00:00 AM,41.004,41.395,40.906,41.395,461736
9/28/2023 12:00:00 AM,41.297,41.541,41.151,41.395,481448
9/29/2023 12:00:00 AM,41.492,41.639,41.151,41.151,231925
10/2/2023 12:00:00 AM,41.541,41.541,41.102,41.248,223773
10/3/2023 12:00:00 AM,41.053,41.346,40.809,40.858,648253
10/4/2023 12:00:00 AM,40.614,41.395,40.516,41.053,378597
10/5/2023 12:00:00 AM,41.492,41.492,40.906,40.906,175030
10/6/2023 12:00:00 AM,40.906,41.151,40.516,40.906,245246
10/9/2023 12:00:00 AM,41.004,41.297,40.858,41.199,222933
10/10/2023 12:00:00 AM,41.443,41.736,41.248,41.541,258802
10/11/2023 12:00:00 AM,41.395,41.688,41.395,41.59,121795
10/12/2023 12:00:00 AM,41.688,41.785,41.541,41.639,240083
10/13/2023 12:00:00 AM,41.59,41.59,41.004,41.297,210615
10/16/2023 12:00:00 AM,41.297,41.297,40.321,40.662,331417
10/17/2023 12:00:00 AM,40.76,41.053,40.565,40.565,173813
10/18/2023 12:00:00 AM,40.565,40.614,39.54,39.881,467392
10/19/2023 12:00:00 AM,39.637,39.93,39.247,39.247,342348
10/20/2023 12:00:00 AM,39.296,40.174,39.198,40.028,210953
10/23/2023 12:00:00 AM,40.028,40.028,39.344,39.54,202217
10/24/2023 12:00:00 AM,39.784,39.833,39.344,39.784,128663
10/25/2023 12:00:00 AM,39.784,40.125,39.784,39.881,154197
10/26/2023 12:00:00 AM,39.344,39.54,37.88,38.124,646665
10/27/2023 12:00:00 AM,38.173,38.661,38.075,38.563,460835
10/30/2023 12:00:00 AM,38.563,38.759,38.075,38.222,155593
10/31/2023 12:00:00 AM,38.563,38.661,37.978,37.978,373910
11/1/2023 12:00:00 AM,38.075,38.563,37.685,38.075,256178
11/2/2023 12:00:00 AM,38.417,39.637,38.173,39.637,488255
11/3/2023 12:00:00 AM,39.637,39.784,39.247,39.442,196946
11/6/2023 12:00:00 AM,39.54,39.881,39.442,39.735,192102
11/7/2023 12:00:00 AM,39.637,39.686,39.344,39.442,162450
11/8/2023 12:00:00 AM,39.442,40.028,39.052,40.028,352744
11/9/2023 12:00:00 AM,40.077,40.516,40.028,40.028,394373
11/10/2023 12:00:00 AM,39.93,39.979,39.637,39.637,247263
11/13/2023 12:00:00 AM,39.637,39.833,39.442,39.588,143612
11/14/2023 12:00:00 AM,39.686,40.028,39.491,39.833,296241
11/15/2023 12:00:00 AM,40.37,40.516,39.833,39.93,556735
11/16/2023 12:00:00 AM,39.93,40.711,39.93,40.321,483924
11/17/2023 12:00:00 AM,40.711,40.858,39.881,39.881,408380
11/20/2023 12:00:00 AM,39.442,40.077,39.442,39.833,246447
11/21/2023 12:00:00 AM,40.028,40.028,39.784,39.833,212261
11/22/2023 12:00:00 AM,39.833,39.979,39.54,39.881,242786
11/23/2023 12:00:00 AM,40.028,40.174,39.54,39.54,293050
11/24/2023 12:00:00 AM,39.54,39.686,38.856,39.296,413825
11/27/2023 12:00:00 AM,39.4,39.8,38.8,38.85,315352
11/28/2023 12:00:00 AM,38.85,39.6,38.85,39.6,249049
11/29/2023 12:00:00 AM,39.6,39.95,39.5,39.7,269511
11/30/2023 12:00:00 AM,39.6,40.15,39,39,386960
12/1/2023 12:00:00 AM,39.65,40,39.35,39.7,211485
12/4/2023 12:00:00 AM,39.95,40.25,39.75,40,399866
12/5/2023 12:00:00 AM,40.2,40.2,39.65,39.8,293178
12/6/2023 12:00:00 AM,39.8,40.3,39.75,40.05,361723
12/7/2023 12:00:00 AM,40.05,40.1,39.4,39.6,467164
12/8/2023 12:00:00 AM,39.7,39.8,39.3,39.55,214400
12/11/2023 12:00:00 AM,39.6,40.1,39.55,40.05,396854
12/12/2023 12:00:00 AM,40.05,40.3,40,40.1,324703
12/13/2023 12:00:00 AM,40.1,41.05,40.1,40.5,900709
12/14/2023 12:00:00 AM,40.6,40.65,40.15,40.15,313391
12/15/2023 12:00:00 AM,40.15,40.2,39.5,39.5,534119
12/18/2023 12:00:00 AM,39.55,39.7,39,39.05,276400
12/19/2023 12:00:00 AM,39.05,39.4,39,39.2,144013
12/20/2023 12:00:00 AM,39.25,39.45,39.05,39.35,171244
12/21/2023 12:00:00 AM,39.35,39.45,39.2,39.35,132551
12/22/2023 12:00:00 AM,39.35,39.35,38.9,38.9,360232
12/25/2023 12:00:00 AM,38.95,39.45,38.9,39.3,224340
12/26/2023 12:00:00 AM,39.15,39.65,39.15,39.5,240315
12/27/2023 12:00:00 AM,39.5,40,39.5,39.55,237031
12/28/2023 12:00:00 AM,39.6,39.7,39.5,39.6,168371
12/29/2023 12:00:00 AM,39.6,39.75,39.5,39.5,270440
1/2/2024 12:00:00 AM,39.5,39.9,39.5,39.6,223584
1/3/2024 12:00:00 AM,39.5,39.8,39.5,39.8,148612
1/4/2024 12:00:00 AM,40,40.4,39.75,40.1,684484
1/5/2024 12:00:00 AM,40.15,40.2,39.85,40,189698
1/8/2024 12:00:00 AM,40.05,40.35,39.95,40,301494
1/9/2024 12:00:00 AM,40,40.45,39.8,40,377633
1/10/2024 12:00:00 AM,40.15,40.95,40.15,40.5,887428
1/11/2024 12:00:00 AM,40.5,42.2,40.4,42,1197002
1/12/2024 12:00:00 AM,42,42.05,41.25,41.8,691612
1/15/2024 12:00:00 AM,41.7,42,41,41,436024
1/16/2024 12:00:00 AM,41,41.05,40.6,41,553897
1/17/2024 12:00:00 AM,40.7,41.7,40.7,41.15,503807
1/18/2024 12:00:00 AM,41,41.45,41,41.15,289400
1/19/2024 12:00:00 AM,41.15,41.45,41.15,41.25,250332
1/22/2024 12:00:00 AM,41.45,41.5,41.15,41.2,234958
1/23/2024 12:00:00 AM,41.2,41.2,40.7,40.8,450086
1/24/2024 12:00:00 AM,40.8,40.95,40.6,40.7,334363
1/25/2024 12:00:00 AM,40.85,40.85,40.6,40.7,158137
1/26/2024 12:00:00 AM,40.7,40.85,40.7,40.85,140399
1/29/2024 12:00:00 AM,40.95,41.45,40.7,41.2,266540
1/30/2024 12:00:00 AM,41.3,41.45,40.95,41,144101
1/31/2024 12:00:00 AM,41.3,41.3,40.5,40.5,336590
2/1/2024 12:00:00 AM,40.7,41.4,40.6,41.25,485513
2/2/2024 12:00:00 AM,41.25,41.25,40.85,41,167989
2/5/2024 12:00:00 AM,41.05,42,41.05,41.05,387700
2/6/2024 12:00:00 AM,41.1,41.35,41,41.1,221420
2/7/2024 12:00:00 AM,41.1,41.4,41.05,41.2,290154
2/15/2024 12:00:00 AM,41.2,41.7,41.2,41.3,360478
2/16/2024 12:00:00 AM,41.6,42.75,41.5,42.5,982300
2/19/2024 12:00:00 AM,42.7,43.25,42.45,43.2,819871
2/20/2024 12:00:00 AM,43.2,43.25,42.65,42.75,458021
2/21/2024 12:00:00 AM,42.75,42.8,42.25,42.45,464500
2/22/2024 12:00:00 AM,42.55,42.6,42.15,42.15,401050
2/23/2024 12:00:00 AM,42.25,42.85,41.85,41.95,627586
2/26/2024 12:00:00 AM,41.95,42.25,41.9,42.05,353635
2/27/2024 12:00:00 AM,42.1,42.5,42.1,42.45,290506
2/28/2024 12:00:00 AM,42.45,42.55,42.15,42.45,391182
2/29/2024 12:00:00 AM,42.7,43.3,42.7,42.9,674330
3/1/2024 12:00:00 AM,42.85,43.2,42.7,42.8,400268
3/4/2024 12:00:00 AM,42.75,43.35,42.75,43.2,805098
3/5/2024 12:00:00 AM,43,43.45,42.9,43.3,492319
3/6/2024 12:00:00 AM,43.6,44.2,42.9,43.3,770205
3/7/2024 12:00:00 AM,43.35,44.9,43.25,44.9,1674619
3/8/2024 12:00:00 AM,45.3,45.55,44.3,44.45,1514549
3/11/2024 12:00:00 AM,44.45,44.5,43.2,43.35,874721
3/12/2024 12:00:00 AM,43.35,43.5,43,43.4,890373
3/13/2024 12:00:00 AM,43.45,44,43.25,44,579675
3/14/2024 12:00:00 AM,44,44,43.55,43.65,582608
3/15/2024 12:00:00 AM,43.5,43.85,42.95,43.1,793386
3/18/2024 12:00:00 AM,43.1,43.4,41.5,42,901329
3/19/2024 12:00:00 AM,42,42.35,41.9,42,196136
3/20/2024 12:00:00 AM,42.05,42.4,41.8,42.25,281081
3/21/2024 12:00:00 AM,42.55,42.9,42.45,42.8,492423
3/22/2024 12:00:00 AM,42.95,42.95,42.35,42.5,440211
3/25/2024 12:00:00 AM,42.5,43.3,42.4,42.8,728842
3/26/2024 12:00:00 AM,43.05,43.05,42.65,42.9,297417
3/27/2024 12:00:00 AM,42.9,43.3,42.7,43.3,547244
3/28/2024 12:00:00 AM,43.3,43.55,43.2,43.3,390110
3/29/2024 12:00:00 AM,43.4,43.4,42.65,42.75,526253
4/1/2024 12:00:00 AM,42.8,42.95,42.35,42.4,268197
4/2/2024 12:00:00 AM,42.4,42.4,41.9,42.4,486360
4/3/2024 12:00:00 AM,42.4,42.95,42,42.3,275586
4/4/2024 12:00:00 AM,42.35,42.6,42,42.1,199348
4/5/2024 12:00:00 AM,41.9,42,41.7,41.7,274979
4/8/2024 12:00:00 AM,41.7,42,41.45,41.55,324192
4/9/2024 12:00:00 AM,41.7,41.95,41.3,41.55,303126
4/10/2024 12:00:00 AM,41.55,41.85,41.5,41.55,233262
4/11/2024 12:00:00 AM,41.55,41.55,41.25,41.45,173832
4/12/2024 12:00:00 AM,41.8,41.9,41.3,41.9,132579
4/15/2024 12:00:00 AM,41.8,41.8,39.5,39.7,405580
4/16/2024 12:00:00 AM,39.9,40,39.2,39.35,618612
4/17/2024 12:00:00 AM,39.45,40,38.55,38.6,779938
4/19/2024 12:00:00 AM,38.6,38.95,38.2,38.5,606730
4/22/2024 12:00:00 AM,39.5,40.05,38.55,39.6,446976
4/23/2024 12:00:00 AM,39.6,39.6,38.9,39.25,210069
4/24/2024 12:00:00 AM,39.25,39.65,39.05,39.6,239985
4/25/2024 12:00:00 AM,39.45,39.7,39.2,39.3,154587
4/26/2024 12:00:00 AM,39.2,39.45,38.9,39.45,304060
5/2/2024 12:00:00 AM,39.45,40.5,39.45,40.1,359580
5/3/2024 12:00:00 AM,40.1,40.7,39.95,40,297683
5/6/2024 12:00:00 AM,40.05,40.55,40,40.55,246520
5/7/2024 12:00:00 AM,40.55,41.55,40.55,41.4,597327
5/8/2024 12:00:00 AM,40.95,41.55,40.8,41.1,332765
5/9/2024 12:00:00 AM,41.3,41.5,40.6,40.95,235841
5/10/2024 12:00:00 AM,40.9,41.5,40.55,40.7,244403
5/13/2024 12:00:00 AM,40.7,41.2,40.45,40.45,146212
5/14/2024 12:00:00 AM,40.45,40.75,40.1,40.4,162869
5/15/2024 12:00:00 AM,40.35,40.7,40.35,40.55,185455
5/16/2024 12:00:00 AM,41,41,40.65,40.8,194095
5/17/2024 12:00:00 AM,40.8,40.9,40.55,40.85,287243
5/20/2024 12:00:00 AM,41.5,42.65,40.95,42.35,1061828
5/21/2024 12:00:00 AM,42.4,42.9,41.75,42.15,658775
5/22/2024 12:00:00 AM,42.3,42.4,41.6,41.7,483120
5/23/2024 12:00:00 AM,41.6,44.6,41.55,44.6,2688018
5/24/2024 12:00:00 AM,45,46,43.75,44.6,1773315
5/27/2024 12:00:00 AM,44.6,46.9,44.6,46.4,2542233
5/28/2024 12:00:00 AM,46.45,47.35,45.85,47,1529928
5/29/2024 12:00:00 AM,47.2,47.2,45.5,45.6,1258433
5/30/2024 12:00:00 AM,45.5,45.5,44.3,45,1907354
5/31/2024 12:00:00 AM,45,46.4,44.85,44.85,923651
6/3/2024 12:00:00 AM,45.6,46.3,45,45.35,659639
6/4/2024 12:00:00 AM,45.5,46.4,45.2,45.85,997771
6/5/2024 12:00:00 AM,45.9,48.3,45.9,47.25,2403940
6/6/2024 12:00:00 AM,47.25,47.85,46.5,46.5,917067
6/7/2024 12:00:00 AM,46.8,47.4,45.95,46.4,829717
6/10/2024 12:00:00 AM,46.75,47.1,46.25,46.3,1127462
6/11/2024 12:00:00 AM,46.3,46.5,45.3,45.65,1026682
6/12/2024 12:00:00 AM,45.25,46.5,45.2,46.2,560146
6/13/2024 12:00:00 AM,46.25,46.4,45.45,45.75,1345597
6/14/2024 12:00:00 AM,45.7,46.25,44.5,44.5,708539
6/17/2024 12:00:00 AM,44.5,44.9,44.1,44.3,602181
6/18/2024 12:00:00 AM,45.2,45.55,44.5,45.4,757091
6/19/2024 12:00:00 AM,45.5,46,45.2,45.8,503746
6/20/2024 12:00:00 AM,45.8,46.2,45,45.25,726902
6/21/2024 12:00:00 AM,45.1,45.8,45.1,45.15,585216
6/24/2024 12:00:00 AM,45.15,45.6,43.3,44.5,897127
6/25/2024 12:00:00 AM,44.5,44.8,44.1,44.8,358716
6/26/2024 12:00:00 AM,44.5,44.8,44,44.75,279320
6/27/2024 12:00:00 AM,44.75,47.45,44.35,46,2353319
6/28/2024 12:00:00 AM,46.7,46.7,45.3,46,1077915
7/1/2024 12:00:00 AM,45.75,46.4,45.75,46.4,399452
7/2/2024 12:00:00 AM,46.7,48.1,46.6,47.6,1654591
7/3/2024 12:00:00 AM,48,48,46.8,47,648194
7/4/2024 12:00:00 AM,46.8,47.8,46.7,46.85,599317
7/5/2024 12:00:00 AM,47.1,47.25,46.4,46.4,697462
7/8/2024 12:00:00 AM,46.5,47,45,46.3,931265
7/9/2024 12:00:00 AM,46.4,47.9,46.1,47.5,1139679
7/10/2024 12:00:00 AM,47.5,47.55,46.6,46.6,561777
7/11/2024 12:00:00 AM,46.9,47,46.1,46.1,584379
7/12/2024 12:00:00 AM,46.45,46.45,45.5,45.5,582666
7/15/2024 12:00:00 AM,45.5,46.1,45.5,46.05,429932
7/16/2024 12:00:00 AM,46.45,46.8,46.2,46.5,742046
7/17/2024 12:00:00 AM,46.8,47.3,44.3,46.4,1427186
7/18/2024 12:00:00 AM,46.15,47,45.1,47,581472
7/19/2024 12:00:00 AM,47,47,45.75,45.75,802984
7/22/2024 12:00:00 AM,45.4,45.8,44.05,44.75,879641
7/23/2024 12:00:00 AM,44.75,44.95,43.5,43.5,778536
7/24/2024 12:00:00 AM,43.35,43.75,42.1,42.45,1568516
7/25/2024 12:00:00 AM,42.6,43.5,42.15,43.2,689047
7/26/2024 12:00:00 AM,43,43.2,42.7,43.2,431230
7/29/2024 12:00:00 AM,43.3,43.55,43.15,43.35,325136
7/30/2024 12:00:00 AM,43.2,43.2,42.8,43,427461
7/31/2024 12:00:00 AM,43,44.1,42.95,43.6,636240
8/1/2024 12:00:00 AM,43.9,44.35,42.7,42.8,627405
8/2/2024 12:00:00 AM,42.25,43.5,42.25,43.5,635493
8/5/2024 12:00:00 AM,43,43.15,41.55,41.9,991161
8/6/2024 12:00:00 AM,42.85,42.85,41.5,42.35,541654
8/7/2024 12:00:00 AM,42.4,42.6,41.95,42.3,308389
8/8/2024 12:00:00 AM,42.05,42.95,42.05,42.6,427267
8/9/2024 12:00:00 AM,42.65,43.3,42.15,43.3,463710
8/12/2024 12:00:00 AM,43.3,43.3,42.8,43.3,308183
8/13/2024 12:00:00 AM,43.15,43.6,42.6,42.8,507497
8/14/2024 12:00:00 AM,42.85,43.3,42.7,43.3,495678
8/15/2024 12:00:00 AM,43.3,43.4,42.7,42.75,285884
8/16/2024 12:00:00 AM,43.2,44,42.75,43.95,835824
8/19/2024 12:00:00 AM,43.95,44.65,43.5,44.5,922274
8/20/2024 12:00:00 AM,44.5,44.9,44.05,44.5,1080208
8/21/2024 12:00:00 AM,44.5,45.2,44.3,44.7,441887
8/22/2024 12:00:00 AM,44.6,45.25,44.2,44.8,892288
8/23/2024 12:00:00 AM,44.8,46.35,44.55,46.3,1831647
8/26/2024 12:00:00 AM,46.3,46.4,45.65,45.8,519055
8/27/2024 12:00:00 AM,45.8,45.8,45,45.6,588257
8/28/2024 12:00:00 AM,45.3,45.5,45.05,45.2,330730
8/29/2024 12:00:00 AM,45,45.7,45,45.35,357449
8/30/2024 12:00:00 AM,45.35,45.5,44.9,45.5,257512
9/4/2024 12:00:00 AM,45,45,44.6,44.7,546244
9/5/2024 12:00:00 AM,44.7,44.85,44.5,44.7,489791
9/6/2024 12:00:00 AM,44.8,45.4,44.6,44.8,541316
9/9/2024 12:00:00 AM,44.65,44.7,43.8,44,694600
9/10/2024 12:00:00 AM,44,44,43.1,43.3,1195106
9/11/2024 12:00:00 AM,43,43.35,42.9,43.1,351484
9/12/2024 12:00:00 AM,43.1,43.4,42.8,42.85,411585
