Date,Open,High,Low,Adj. Close,Volume
2019-01-02,22.968,22.968,22.334,22.367,805700.0
2019-01-03,22.367,22.568,21.366,21.366,1107500.0
2019-01-04,21.032,21.333,20.565,21.065,1457300.0
2019-01-07,21.366,22.034,21.366,21.566,806060.0
2019-01-08,21.767,21.767,21.299,21.366,558540.0
2019-01-09,21.566,22.067,21.433,22.034,1075730.0
2019-01-10,22.034,22.1,21.7,21.7,410690.0
2019-01-11,21.7,21.9,21.266,21.299,941940.0
2019-01-14,21.299,21.6,20.999,21.299,755920.0
2019-01-15,21.199,21.9,21.199,21.7,580710.0
2019-01-16,21.833,21.867,21.499,21.499,363680.0
2019-01-17,21.499,21.633,21.299,21.333,297560.0
2019-01-18,21.333,21.566,21.132,21.166,509140.0
2019-01-21,21.366,22.267,21.166,21.933,1207560.0
2019-01-22,21.967,22.1,21.833,21.867,563940.0
2019-01-23,21.633,21.933,21.433,21.833,432860.0
2019-01-24,21.733,21.933,21.7,21.7,579540.0
2019-01-25,21.833,21.833,21.366,21.399,570980.0
2019-01-28,21.399,21.6,21.232,21.299,545190.0
2019-01-29,21.299,21.299,21.065,21.166,635890.0
2019-01-30,21.299,21.533,21.099,21.166,429410.0
2019-01-31,21.499,21.499,21.032,21.032,678130.0
2019-02-01,20.999,21.266,20.965,21.099,537050.0
2019-02-11,21.266,21.533,21.232,21.333,631710.0
2019-02-12,21.399,21.833,21.399,21.666,1395780.0
2019-02-13,21.733,21.767,21.533,21.7,1557810.0
2019-02-14,21.7,21.733,21.6,21.633,1018550.0
2019-02-15,21.6,22.568,21.433,22.134,1622530.0
2019-02-18,22.367,22.501,22.167,22.367,955540.0
2019-02-19,22.367,22.534,21.967,21.967,1143130.0
2019-02-20,21.9,23.302,21.8,22.701,2361110.0
2019-02-21,22.868,23.135,22.701,22.868,2157870.0
2019-02-22,22.835,23.169,22.701,22.701,1459730.0
2019-02-25,23.035,23.035,22.501,22.701,1687500.0
2019-02-26,22.501,22.701,22.367,22.434,1409740.0
2019-02-27,22.434,22.668,22.367,22.434,749060.0
2019-02-28,22.434,22.534,21.7,21.7,1793480.0
2019-03-01,21.767,22.1,21.767,21.933,1153130.0
2019-03-04,22.1,22.534,22.034,22.434,918340.0
2019-03-05,22.167,23.569,22.167,23.102,4215640.0
2019-03-06,23.102,23.302,22.968,23.202,1601660.0
2019-03-07,23.369,23.536,23.169,23.302,1702650.0
2019-03-08,23.002,23.169,22.635,22.701,1808960.0
2019-03-11,22.768,22.768,22.334,22.468,1137250.0
2019-03-12,22.768,23.703,22.568,23.703,1690500.0
2019-03-13,23.569,24.003,23.503,23.77,2860920.0
2019-03-14,23.77,24.504,23.503,24.17,2561500.0
2019-03-15,24.17,25.038,23.97,24.838,3180240.0
2019-03-18,24.838,25.105,24.638,24.905,2925810.0
2019-03-19,24.805,24.905,24.371,24.437,2819110.0
2019-03-20,24.137,24.371,23.703,24.104,2700620.0
2019-03-21,24.204,24.471,23.236,23.236,2239650.0
2019-03-22,23.636,23.836,23.236,23.436,1877120.0
2019-03-25,22.768,23.369,22.367,23.035,2092900.0
2019-03-26,23.302,23.436,22.835,22.902,1042090.0
2019-03-27,23.269,23.436,22.902,23.302,1236550.0
2019-03-28,23.002,23.937,23.002,23.77,2196570.0
2019-03-29,23.77,24.037,23.77,23.903,1654790.0
2019-04-01,23.903,24.237,23.569,23.703,909820.0
2019-04-02,24.037,24.037,23.236,23.236,1453530.0
2019-04-03,23.236,24.104,23.002,23.836,1895710.0
2019-04-04,24.037,24.037,23.469,23.569,1058540.0
2019-04-05,23.569,23.836,23.236,23.402,737650.0
2019-04-08,23.236,23.736,23.236,23.703,1042660.0
2019-04-09,23.703,24.17,23.703,23.87,2081540.0
2019-04-10,23.87,23.903,23.503,23.503,522520.0
2019-04-11,23.569,23.703,23.336,23.469,643960.0
2019-04-12,23.436,23.503,23.169,23.202,894410.0
2019-04-16,23.102,23.77,22.835,23.703,1404520.0
2019-04-17,23.703,23.703,23.236,23.236,852450.0
2019-04-18,23.236,23.636,23.135,23.236,1016060.0
2019-04-19,23.236,23.503,23.169,23.269,293870.0
2019-04-22,23.269,23.269,22.668,22.835,687460.0
2019-04-23,23.102,23.102,22.668,22.835,1005740.0
2019-04-24,23.035,23.236,22.902,23.102,538100.0
2019-04-25,23.102,23.369,23.035,23.035,464620.0
2019-04-26,23.035,23.302,23.035,23.236,484200.0
2019-05-02,23.369,23.369,23.035,23.035,483460.0
2019-05-03,23.035,23.236,22.835,22.835,555330.0
2019-05-06,22.468,22.635,22.034,22.1,1220260.0
2019-05-07,22.234,22.635,21.967,22.1,949150.0
2019-05-08,21.833,22.034,21.6,21.6,1127910.0
2019-05-09,21.8,21.9,20.698,20.765,1937960.0
2019-05-10,21.032,21.499,20.965,21.366,1098030.0
2019-05-13,21.366,21.9,21.366,21.833,778440.0
2019-05-14,21.666,21.767,21.366,21.633,1091640.0
2019-05-15,21.767,22.1,21.566,21.967,1460060.0
2019-05-16,22.0,22.034,21.666,21.767,776200.0
2019-05-17,21.833,21.833,21.366,21.466,938600.0
2019-05-20,21.433,21.967,21.433,21.833,960860.0
2019-05-21,21.833,22.201,21.767,22.067,1716340.0
2019-05-22,22.067,22.434,22.067,22.167,1262730.0
2019-05-23,22.034,22.301,21.767,22.301,795270.0
2019-05-24,22.1,22.201,21.7,21.7,1510920.0
2019-05-27,21.7,21.833,21.633,21.767,526030.0
2019-05-28,21.7,21.9,21.466,21.566,881610.0
2019-05-29,21.566,21.666,21.333,21.366,896960.0
2019-05-30,21.499,21.566,21.232,21.232,671830.0
2019-05-31,21.132,21.299,20.999,21.032,914150.0
2019-06-03,20.965,21.032,20.431,20.431,1299050.0
2019-06-04,20.431,21.366,20.398,21.366,867040.0
2019-06-05,21.366,21.499,20.965,20.965,482730.0
2019-06-06,20.965,21.166,20.631,20.899,329600.0
2019-06-07,20.899,21.166,20.899,21.166,459310.0
2019-06-10,21.232,21.433,21.166,21.166,471530.0
2019-06-11,21.232,21.366,21.099,21.299,584390.0
2019-06-12,21.166,21.299,20.999,21.032,351310.0
2019-06-13,20.965,21.199,20.965,21.032,289140.0
2019-06-14,21.166,21.533,21.032,21.466,1589620.0
2019-06-17,21.499,21.733,21.333,21.433,693710.0
2019-06-18,21.299,21.433,21.166,21.366,273680.0
2019-06-19,21.633,21.633,21.333,21.366,461820.0
2019-06-20,21.366,21.833,21.299,21.8,1142380.0
2019-06-21,21.833,22.0,21.666,21.7,501660.0
2019-06-24,21.8,22.034,21.633,21.767,750120.0
2019-06-25,21.767,21.833,21.433,21.433,734450.0
2019-06-26,21.366,21.733,21.299,21.7,1052510.0
2019-06-27,21.666,21.666,21.366,21.366,664820.0
2019-06-28,21.366,21.499,20.965,21.166,653190.0
2019-07-01,21.499,21.7,21.433,21.6,550440.0
2019-07-02,21.433,21.633,21.399,21.399,454740.0
2019-07-03,21.366,21.633,21.366,21.433,409880.0
2019-07-04,21.633,21.933,21.499,21.9,1147150.0
2019-07-05,21.8,22.167,21.767,21.9,1204780.0
2019-07-08,21.967,21.967,21.633,21.733,564180.0
2019-07-09,21.633,21.833,21.633,21.767,403680.0
2019-07-10,21.767,21.933,21.633,21.633,699090.0
2019-07-11,21.767,22.367,21.633,22.334,2461040.0
2019-07-12,22.367,22.568,22.234,22.301,1417000.0
2019-07-15,22.234,22.367,22.201,22.234,913470.0
2019-07-16,22.334,23.069,22.334,23.069,3287930.0
2019-07-17,23.035,23.302,22.868,23.069,1551860.0
2019-07-18,23.002,23.169,22.835,23.169,1442460.0
2019-07-19,23.369,23.636,23.169,23.302,1713010.0
2019-07-22,23.503,24.003,23.369,23.87,2863060.0
2019-07-23,23.87,23.87,23.169,23.536,2132860.0
2019-07-24,23.636,23.636,22.835,23.002,1886280.0
2019-07-25,22.902,23.503,22.902,23.503,1316210.0
2019-07-26,23.369,23.97,23.369,23.903,2184360.0
2019-07-29,23.836,23.903,23.569,23.903,1351320.0
2019-07-30,23.77,23.77,23.336,23.369,1623110.0
2019-07-31,23.369,23.703,23.169,23.703,933640.0
2019-08-01,23.703,23.703,23.402,23.67,744670.0
2019-08-02,23.369,24.037,23.302,23.903,1824090.0
2019-08-05,23.703,23.903,23.67,23.903,1969000.0
2019-08-06,23.035,23.803,23.035,23.503,1229640.0
2019-08-07,23.603,23.703,23.169,23.169,1081380.0
2019-08-08,23.169,23.469,23.135,23.169,908980.0
2019-08-09,23.369,23.369,22.835,23.169,997910.0
2019-08-12,23.269,23.636,22.735,23.603,1373320.0
2019-08-13,23.402,23.636,23.202,23.302,817060.0
2019-08-14,23.569,23.636,23.202,23.436,520650.0
2019-08-15,23.035,23.436,23.035,23.436,551130.0
2019-08-16,23.369,24.504,23.302,24.037,3237040.0
2019-08-19,24.371,24.704,24.237,24.504,1132960.0
2019-08-20,24.671,24.671,24.404,24.571,800200.0
2019-08-21,24.371,25.539,24.371,25.272,2691400.0
2019-08-22,25.372,25.439,25.038,25.105,1618940.0
2019-08-23,25.239,25.239,24.805,25.072,977030.0
2019-08-26,24.638,25.272,24.437,25.272,1806980.0
2019-08-27,25.572,25.639,25.038,25.038,1170790.0
2019-08-28,25.038,25.372,24.972,25.105,932680.0
2019-08-29,25.105,25.305,24.938,25.305,1330160.0
2019-08-30,25.506,25.906,25.339,25.873,2186980.0
2019-09-03,25.906,26.107,25.806,25.84,830420.0
2019-09-04,25.84,25.906,25.372,25.773,921560.0
2019-09-05,25.906,26.073,25.706,25.706,939140.0
2019-09-06,25.706,25.706,25.072,25.372,1528000.0
2019-09-09,25.372,25.439,25.205,25.439,801830.0
2019-09-10,25.339,25.773,25.239,25.572,1003930.0
2019-09-11,25.372,25.639,25.339,25.506,519270.0
2019-09-12,25.606,25.873,25.372,25.806,1763420.0
2019-09-13,25.94,26.607,25.773,26.607,2303060.0
2019-09-16,26.607,27.242,26.574,26.708,1250810.0
2019-09-17,26.507,27.375,26.307,27.375,1566850.0
2019-09-18,27.308,27.542,27.075,27.475,1630310.0
2019-09-19,27.509,27.542,27.208,27.242,1029490.0
2019-09-20,27.242,27.442,26.574,26.708,2204400.0
2019-09-23,26.507,27.041,26.44,26.474,1089550.0
2019-09-24,26.574,26.708,26.34,26.34,821180.0
2019-09-25,26.207,26.641,25.973,26.641,1445080.0
2019-09-26,26.641,27.175,26.641,26.808,888310.0
2019-09-27,26.908,26.975,26.741,26.874,876890.0
2019-09-30,26.841,27.142,26.307,26.307,1429150.0
2019-10-01,26.307,26.708,26.307,26.708,862420.0
2019-10-02,26.708,27.242,26.674,26.841,1505190.0
2019-10-03,26.574,27.542,26.541,27.542,1939160.0
2019-10-04,27.576,27.809,27.041,27.041,884430.0
2019-10-07,27.308,27.308,26.708,26.975,807180.0
2019-10-08,26.975,27.442,26.774,27.442,650420.0
2019-10-09,27.442,27.909,27.242,27.542,1415560.0
2019-10-10,27.542,27.843,27.375,27.375,1054690.0
2019-10-11,27.375,27.509,27.175,27.242,552640.0
2019-10-14,27.375,28.01,27.275,27.475,1381960.0
2019-10-15,27.375,27.742,27.375,27.642,631810.0
2019-10-16,27.642,27.809,27.475,27.475,650130.0
2019-10-17,27.609,27.609,27.242,27.242,801110.0
2019-10-18,27.242,27.242,26.708,26.774,1225560.0
2019-10-21,26.507,26.708,26.24,26.24,1281520.0
2019-10-22,26.24,26.708,26.24,26.708,566150.0
2019-10-23,26.708,26.908,26.607,26.774,455760.0
2019-10-24,26.774,27.041,26.541,26.908,513170.0
2019-10-25,26.708,27.075,26.574,26.841,968770.0
2019-10-28,27.442,27.509,27.108,27.108,800080.0
2019-10-29,27.308,27.308,26.708,27.108,921380.0
2019-10-30,27.041,27.242,26.808,26.841,760410.0
2019-10-31,26.841,27.175,26.741,27.108,777680.0
2019-11-01,27.041,27.442,26.908,27.375,1180640.0
2019-11-04,27.442,28.343,27.442,28.177,1744250.0
2019-11-05,28.243,28.377,28.143,28.377,898400.0
2019-11-06,28.277,28.51,28.177,28.177,821030.0
2019-11-07,28.523,28.868,28.177,28.73,1105060.0
2019-11-08,28.868,29.006,28.453,28.523,729880.0
2019-11-11,28.488,28.937,28.384,28.523,724450.0
2019-11-12,28.592,29.144,28.523,29.075,1499510.0
2019-11-13,29.144,29.628,29.144,29.628,1804440.0
2019-11-14,29.697,29.697,29.075,29.351,811080.0
2019-11-15,29.455,29.489,29.006,29.006,627650.0
2019-11-18,28.868,29.144,28.488,28.523,958470.0
2019-11-19,28.523,28.799,28.384,28.764,676040.0
2019-11-20,28.937,28.937,28.488,28.695,246520.0
2019-11-21,28.661,28.799,28.419,28.453,611690.0
2019-11-22,28.661,28.661,27.487,27.763,1041320.0
2019-11-25,27.763,28.039,27.279,27.418,822450.0
2019-11-26,27.832,28.005,27.487,27.625,406540.0
2019-11-27,27.694,28.592,27.694,28.177,1060810.0
2019-11-28,28.315,28.315,27.935,28.074,396280.0
2019-11-29,27.97,28.246,27.97,27.97,391620.0
2019-12-02,27.832,27.832,27.21,27.21,702050.0
2019-12-03,27.21,27.659,26.934,27.418,786830.0
2019-12-04,27.418,28.005,27.348,27.866,352310.0
2019-12-05,28.005,28.039,27.383,27.625,393640.0
2019-12-06,27.418,27.763,27.314,27.383,374930.0
2019-12-09,27.625,27.625,27.383,27.625,358570.0
2019-12-10,27.625,27.866,27.452,27.556,415660.0
2019-12-11,27.556,27.694,27.487,27.694,280130.0
2019-12-12,28.039,28.315,27.763,28.315,724090.0
2019-12-13,28.315,28.971,28.315,28.937,1426060.0
2019-12-16,29.144,29.179,28.661,28.937,841690.0
2019-12-17,28.868,28.937,28.523,28.626,580480.0
2019-12-18,28.384,29.386,28.384,29.006,1478200.0
2019-12-19,29.075,29.317,28.592,29.144,702550.0
2019-12-20,29.006,29.558,29.006,29.524,712940.0
2019-12-23,29.524,31.043,29.524,30.905,2442660.0
2019-12-24,30.767,31.181,30.594,31.009,741520.0
2019-12-25,30.456,31.251,30.456,31.216,585450.0
2019-12-26,31.112,31.32,30.525,30.525,525840.0
2019-12-27,30.525,31.907,30.387,31.907,1098010.0
2019-12-30,31.976,32.563,31.768,31.838,872650.0
2019-12-31,31.907,32.114,31.699,31.872,630410.0
2020-01-02,31.768,32.597,31.699,32.39,872620.0
2020-01-03,32.701,32.804,32.252,32.252,603940.0
2020-01-06,32.114,32.252,31.63,31.63,794490.0
2020-01-07,31.63,32.252,31.216,32.252,526890.0
2020-01-08,31.768,33.081,31.63,32.528,1230830.0
2020-01-09,32.977,34.462,32.874,34.289,1573190.0
2020-01-10,34.289,35.912,34.255,35.429,1506410.0
2020-01-13,34.531,35.567,34.186,34.6,544740.0
2020-01-14,34.6,35.567,34.462,34.6,752200.0
2020-01-15,34.462,35.429,34.462,35.222,695290.0
2020-01-16,35.222,37.363,35.222,37.294,1004080.0
2020-01-17,37.363,37.708,36.672,36.948,643490.0
2020-01-20,36.948,37.432,36.741,36.81,761650.0
2020-01-21,36.81,37.639,36.81,37.294,609600.0
2020-01-22,37.294,38.537,37.155,38.329,781390.0
2020-01-30,37.639,37.915,35.912,36.396,1388710.0
2020-01-31,36.119,37.017,35.567,35.567,1154570.0
2020-02-03,34.393,37.984,33.081,36.948,1562560.0
2020-02-04,37.57,37.777,37.017,37.57,1406270.0
2020-02-05,37.915,38.122,36.948,36.948,718710.0
2020-02-06,37.224,37.363,36.603,36.741,1469930.0
2020-02-07,36.396,36.81,35.636,35.705,1501140.0
2020-02-10,35.153,35.36,33.909,33.909,1111680.0
2020-02-11,33.909,35.498,33.909,35.084,917080.0
2020-02-12,35.567,35.774,35.014,35.084,704550.0
2020-02-13,35.014,35.222,34.462,34.807,578820.0
2020-02-14,34.6,34.945,34.531,34.531,627040.0
2020-02-17,34.669,35.567,34.6,35.567,863730.0
2020-02-18,35.843,36.327,35.567,35.912,879430.0
2020-02-19,35.912,35.981,35.36,35.429,372250.0
2020-02-20,35.843,35.912,35.36,35.429,552810.0
2020-02-21,35.429,35.429,33.668,34.186,2619020.0
2020-02-24,33.288,33.702,31.976,31.976,1081210.0
2020-02-25,31.078,33.702,31.078,33.702,878610.0
2020-02-26,32.874,33.357,32.356,32.459,626350.0
2020-02-27,32.459,32.943,32.079,32.528,722680.0
2020-02-28,31.768,32.045,31.112,31.423,972320.0
2020-03-02,31.699,31.699,31.078,31.181,568290.0
2020-03-03,32.321,32.977,31.561,32.39,1016900.0
2020-03-04,32.459,32.459,31.699,31.872,658350.0
2020-03-05,32.148,32.632,32.114,32.217,872610.0
2020-03-06,31.768,32.563,31.423,32.356,555990.0
2020-03-09,30.18,30.871,30.111,30.111,944020.0
2020-03-10,29.351,30.387,28.523,29.282,1366220.0
2020-03-11,30.042,30.042,27.245,27.245,1522030.0
2020-03-12,25.38,26.036,25.346,25.346,1531140.0
2020-03-13,23.585,25.346,23.585,24.172,2330290.0
2020-03-16,24.172,24.828,22.48,22.652,2191590.0
2020-03-17,21.133,23.412,21.133,23.343,1774340.0
2020-03-18,23.481,24.517,23.446,23.861,1743970.0
2020-03-19,23.446,23.619,22.618,23.067,906470.0
2020-03-20,23.205,23.515,22.721,22.859,771320.0
2020-03-23,21.409,22.031,21.271,21.271,2728710.0
2020-03-24,21.409,22.065,21.202,21.823,1227020.0
2020-03-25,23.067,23.101,22.652,22.928,1611980.0
2020-03-26,22.79,23.619,22.203,22.997,1148580.0
2020-03-27,22.928,23.308,22.376,22.79,1128210.0
2020-03-30,21.409,22.031,21.202,21.34,1369430.0
2020-03-31,22.1,22.203,20.373,21.305,1018770.0
2020-04-01,21.34,22.79,21.271,22.169,1190960.0
2020-04-03,22.514,23.688,22.514,23.688,1547020.0
2020-04-06,24.655,25.346,24.241,25.346,1881640.0
2020-04-07,25.898,26.036,24.862,25.553,1793050.0
2020-04-08,24.724,26.243,24.241,26.209,1456160.0
2020-04-09,26.209,26.658,26.002,26.036,1349000.0
2020-04-10,25.76,26.105,25.346,25.484,1198580.0
2020-04-13,25.346,26.036,25.277,25.656,1056950.0
2020-04-14,25.587,25.933,24.724,25.208,1220360.0
2020-04-15,25.346,26.036,25.346,25.76,1107070.0
2020-04-16,25.691,25.76,25.38,25.76,1210270.0
2020-04-17,26.14,26.382,25.691,25.829,1151710.0
2020-04-20,26.174,26.243,25.518,25.622,1371830.0
2020-04-21,24.862,25.415,23.964,23.964,2238980.0
2020-04-22,22.859,25.587,22.859,25.0,1413800.0
2020-04-23,25.553,25.691,24.931,25.0,789930.0
2020-04-24,25.173,25.173,24.379,24.862,592910.0
2020-04-27,25.0,25.138,24.241,24.241,1205680.0
2020-04-28,24.241,24.724,23.826,24.275,589490.0
2020-04-29,24.172,24.793,24.172,24.586,595490.0
2020-05-04,24.586,25.138,24.241,24.379,655630.0
2020-05-05,24.379,24.724,24.31,24.379,427650.0
2020-05-06,24.482,24.862,24.379,24.862,739320.0
2020-05-07,25.069,25.967,25.069,25.933,2524450.0
2020-05-08,26.209,27.141,25.933,26.243,2563570.0
2020-05-11,26.589,26.934,26.209,26.589,1209730.0
2020-05-12,26.451,26.692,26.209,26.623,1645960.0
2020-05-13,26.451,27.487,26.105,27.348,2725900.0
2020-05-14,26.934,27.97,26.934,27.418,1994890.0
2020-05-15,27.487,27.694,26.52,26.658,1909780.0
2020-05-18,26.554,26.865,26.243,26.865,1864370.0
2020-05-19,27.556,27.556,26.865,27.003,1686240.0
2020-05-20,26.934,27.141,26.589,27.038,900670.0
2020-05-21,27.279,27.728,27.245,27.418,2474770.0
2020-05-22,27.418,27.625,27.141,27.141,1140830.0
2020-05-25,27.141,27.487,26.934,27.383,888300.0
2020-05-26,27.452,29.006,27.452,29.006,2954120.0
2020-05-27,29.524,29.524,27.487,27.487,2293240.0
2020-05-28,27.625,28.281,27.487,28.108,1913890.0
2020-05-29,27.901,27.97,27.487,27.694,1669730.0
2020-06-01,27.832,28.695,27.797,28.626,1104330.0
2020-06-02,28.661,28.937,27.97,28.005,1496600.0
2020-06-03,28.246,28.453,27.97,28.315,896130.0
2020-06-04,28.453,29.213,28.384,28.868,2013380.0
2020-06-05,28.868,29.144,28.488,29.075,1216160.0
2020-06-08,29.489,30.387,29.351,30.387,2487930.0
2020-06-09,30.456,30.456,29.904,29.938,1119590.0
2020-06-10,29.766,30.456,29.351,30.042,1297400.0
2020-06-11,30.042,30.18,27.97,27.97,2386670.0
2020-06-12,27.279,29.351,27.279,29.351,1913590.0
2020-06-15,29.213,29.213,27.556,27.556,1503480.0
2020-06-16,28.661,28.73,27.97,28.108,958780.0
2020-06-17,28.108,28.384,27.521,27.832,817560.0
2020-06-18,27.832,28.039,27.625,27.97,629450.0
2020-06-19,28.453,28.626,28.108,28.626,720420.0
2020-06-22,28.523,28.902,28.177,28.523,622920.0
2020-06-23,28.35,28.557,27.97,28.108,1110100.0
2020-06-24,28.108,28.453,27.763,27.832,692090.0
2020-06-25,27.625,27.797,27.487,27.625,791820.0
2020-06-26,28.246,28.246,27.418,27.556,717380.0
2020-06-29,27.141,27.279,26.52,26.589,1334210.0
2020-06-30,26.934,26.969,26.105,26.174,862060.0
2020-07-01,26.382,27.21,26.174,27.072,769310.0
2020-07-02,27.245,27.245,26.727,26.934,501500.0
2020-07-03,27.107,27.141,26.796,27.003,547350.0
2020-07-06,27.21,27.763,27.003,27.694,757690.0
2020-07-07,27.901,28.212,27.797,28.039,1097570.0
2020-07-08,27.97,28.108,27.625,28.005,768660.0
2020-07-09,28.005,28.937,28.005,28.73,1531780.0
2020-07-10,28.453,28.764,28.143,28.661,1030790.0
2020-07-13,28.764,28.902,28.315,28.523,1039520.0
2020-07-14,28.212,28.523,28.108,28.488,990800.0
2020-07-15,28.799,28.799,28.523,28.557,690440.0
2020-07-16,28.557,28.592,28.315,28.557,473290.0
2020-07-17,28.592,28.902,28.592,28.73,1343600.0
2020-07-20,28.799,28.833,28.177,28.177,832370.0
2020-07-21,28.315,28.315,27.866,28.177,374580.0
2020-07-22,28.315,28.315,27.279,27.625,750600.0
2020-07-23,27.625,27.935,27.383,27.521,764300.0
2020-07-24,27.521,27.521,26.071,26.382,1807770.0
2020-07-27,24.862,26.105,24.551,24.551,1545430.0
2020-07-28,24.862,26.14,24.862,26.14,1193550.0
2020-07-29,25.415,25.691,24.724,25.518,725660.0
2020-07-30,25.898,25.898,24.862,25.691,419920.0
2020-07-31,24.862,25.725,24.862,25.311,479890.0
2020-08-03,25.069,25.795,25.069,25.691,646640.0
2020-08-04,26.243,26.243,25.898,26.174,494030.0
2020-08-05,26.105,26.934,25.967,26.761,911970.0
2020-08-06,26.692,26.865,26.382,26.416,597260.0
2020-08-07,26.416,26.658,26.209,26.313,532060.0
2020-08-10,26.554,26.727,26.313,26.313,534820.0
2020-08-11,26.52,26.658,26.313,26.589,780760.0
2020-08-12,26.658,27.176,26.658,27.072,963310.0
2020-08-13,27.383,27.418,27.141,27.383,673490.0
2020-08-14,27.176,27.348,26.796,26.934,985710.0
2020-08-17,26.865,26.934,26.554,26.727,631010.0
2020-08-18,26.934,26.934,26.52,26.52,663290.0
2020-08-19,26.52,26.83,26.52,26.658,346360.0
2020-08-20,26.658,26.83,26.416,26.416,859310.0
2020-08-21,26.52,27.107,26.52,26.9,1098410.0
2020-08-24,27.279,27.556,27.072,27.383,940780.0
2020-08-25,27.556,27.625,27.21,27.279,886570.0
2020-08-26,27.279,27.279,27.141,27.176,831700.0
2020-08-27,27.141,27.21,26.934,27.003,1095260.0
2020-08-28,27.279,28.315,27.141,28.005,3032570.0
2020-08-31,28.039,28.523,28.005,28.281,2006450.0
2020-09-01,27.97,28.592,27.901,28.592,2124220.0
2020-09-03,28.661,29.144,28.453,29.144,2666170.0
2020-09-04,28.523,29.213,28.488,29.075,2001840.0
2020-09-07,29.144,29.144,28.039,28.039,2246440.0
2020-09-08,28.177,28.315,27.659,28.212,1261510.0
2020-09-09,27.763,28.281,27.694,28.177,804160.0
2020-09-10,28.384,28.419,27.97,27.97,846810.0
2020-09-11,27.97,28.074,27.797,27.935,773230.0
2020-09-14,28.005,28.177,27.935,27.97,931340.0
2020-09-15,28.108,28.453,27.901,28.143,1109810.0
2020-09-16,28.246,28.246,27.935,28.005,546300.0
2020-09-17,28.108,28.384,27.832,27.97,1520660.0
2020-09-18,28.039,28.315,27.97,28.315,1401990.0
2020-09-21,28.453,28.661,28.108,28.177,1006520.0
2020-09-22,28.108,28.246,27.935,28.108,1160730.0
2020-09-23,28.177,28.937,28.177,28.592,2105880.0
2020-09-24,28.453,28.695,28.177,28.246,1523780.0
2020-09-25,28.315,28.384,28.005,28.177,1334760.0
2020-09-28,28.35,28.799,28.177,28.523,1952000.0
2020-09-29,28.661,28.971,28.039,28.074,2022020.0
2020-09-30,28.074,28.246,27.97,28.177,933550.0
2020-10-01,28.177,28.419,28.177,28.281,1157830.0
2020-10-02,28.315,28.626,26.589,28.074,1758990.0
2020-10-05,28.315,28.315,27.763,27.901,1567920.0
2020-10-06,28.005,28.177,27.832,27.935,1507790.0
2020-10-07,27.901,28.246,27.832,27.935,1177720.0
2020-10-08,28.039,28.074,27.487,27.901,1893390.0
2020-10-09,27.832,27.97,27.694,27.866,849330.0
2020-10-12,28.764,28.971,28.108,28.281,3533550.0
2020-10-13,28.315,28.902,28.039,28.488,1980740.0
2020-10-14,28.868,29.662,28.661,29.628,6821050.0
2020-10-15,30.007,30.007,29.144,29.179,2957800.0
2020-10-16,29.179,29.835,28.868,29.144,2411650.0
2020-10-19,29.317,29.317,28.799,28.937,2690250.0
2020-10-20,28.661,29.351,28.661,29.006,1923390.0
2020-10-21,29.282,30.042,29.11,29.248,3019940.0
2020-10-22,29.213,29.662,28.937,29.662,1733020.0
2020-10-23,29.973,29.973,29.558,29.558,1940000.0
2020-10-26,29.351,29.697,28.315,28.315,3379510.0
2020-10-27,28.315,28.661,28.108,28.108,2635960.0
2020-10-28,27.97,28.108,27.141,27.141,2899500.0
2020-10-29,26.796,27.279,26.554,26.692,2823190.0
2020-10-30,26.934,27.072,26.347,26.589,1678270.0
2020-11-02,26.589,27.003,26.589,26.865,1084730.0
2020-11-03,26.934,27.279,26.934,27.21,1035230.0
2020-11-04,27.21,27.694,27.176,27.452,1077740.0
2020-11-05,27.418,27.452,26.969,26.969,1280230.0
2020-11-06,27.245,27.245,26.83,26.969,646660.0
2020-11-09,27.245,27.245,27.003,27.107,1187610.0
2020-11-10,27.556,27.625,27.21,27.21,1361190.0
2020-11-11,27.21,27.383,27.038,27.21,723840.0
2020-11-12,27.279,27.487,27.21,27.348,1126040.0
2020-11-13,27.418,27.832,27.383,27.832,1833350.0
2020-11-16,27.866,28.177,27.556,27.556,1939610.0
2020-11-17,27.625,27.832,27.452,27.832,1455550.0
2020-11-18,27.832,27.866,27.625,27.659,1572210.0
2020-11-19,27.694,28.177,27.694,27.901,1787480.0
2020-11-20,28.108,28.488,28.108,28.453,2522690.0
2020-11-23,28.661,28.661,28.005,28.384,1315280.0
2020-11-24,28.384,28.384,27.901,28.108,1958510.0
2020-11-25,28.315,28.626,28.005,28.523,2775000.0
2020-11-26,28.523,29.42,28.315,29.42,4356380.0
2020-11-27,29.558,29.593,29.041,29.317,2323620.0
2020-11-30,29.317,29.351,28.799,28.799,1708190.0
2020-12-01,28.315,28.868,28.177,28.799,2913470.0
2020-12-02,28.833,29.006,28.592,28.661,1833120.0
2020-12-03,28.695,28.937,28.592,28.73,1836790.0
2020-12-04,28.73,29.213,28.661,28.764,2563040.0
2020-12-07,29.006,29.835,28.902,29.697,4120830.0
2020-12-08,29.904,29.904,29.317,29.489,2151740.0
2020-12-09,29.524,30.387,29.524,30.249,3679830.0
2020-12-10,30.249,30.94,30.18,30.353,3830860.0
2020-12-11,30.318,31.63,30.111,31.63,4566950.0
2020-12-14,31.872,32.148,31.665,32.114,2935490.0
2020-12-15,31.907,32.459,31.665,31.838,3422380.0
2020-12-16,31.838,32.77,31.838,32.735,3093050.0
2020-12-17,32.321,32.874,32.045,32.045,3894580.0
2020-12-18,32.252,32.804,32.045,32.459,2432540.0
2020-12-21,33.081,33.15,32.114,32.77,2476240.0
2020-12-22,32.77,32.77,32.183,32.356,2735230.0
2020-12-23,32.459,32.804,32.045,32.183,2105620.0
2020-12-24,32.183,32.321,30.318,31.423,3135180.0
2020-12-25,31.423,32.252,31.078,32.183,1562900.0
2020-12-28,32.425,33.15,32.321,32.77,3156280.0
2020-12-29,32.735,33.599,32.666,33.391,3031270.0
2020-12-30,33.426,33.702,33.15,33.184,1442160.0
2020-12-31,33.183,33.639,33.007,33.639,1342380.0
2021-01-04,33.534,34.025,33.534,33.885,1993800.0
2021-01-05,33.639,33.78,33.464,33.639,2155700.0
2021-01-06,33.92,35.535,33.393,34.271,3674500.0
2021-01-07,34.271,35.044,34.06,34.341,1678500.0
2021-01-08,34.622,34.622,33.85,34.06,2034900.0
2021-01-11,34.06,34.131,33.639,33.885,2758800.0
2021-01-12,33.885,34.412,33.639,34.236,2189300.0
2021-01-13,34.271,34.552,33.99,34.025,1650200.0
2021-01-14,34.06,34.412,33.709,34.306,1904800.0
2021-01-15,34.622,34.763,34.306,34.306,2404700.0
2021-01-18,34.341,34.412,34.131,34.166,1685100.0
2021-01-19,34.131,34.131,31.778,31.778,2701100.0
2021-01-20,31.778,32.656,29.847,31.954,2306500.0
2021-01-21,32.024,32.656,31.743,32.656,1347000.0
2021-01-22,32.656,32.691,31.673,31.778,2211800.0
2021-01-25,31.602,31.743,31.181,31.322,1371900.0
2021-01-26,31.146,31.146,29.355,29.882,1836800.0
2021-01-27,29.882,30.479,28.512,29.004,2102100.0
2021-01-28,27.389,28.091,27.002,27.002,2692000.0
2021-01-29,25.633,28.688,25.633,28.021,2008200.0
2021-02-01,28.021,28.793,27.143,27.459,1545000.0
2021-02-02,27.319,28.056,27.073,27.635,2497300.0
2021-02-03,28.161,29.144,27.88,29.039,1851900.0
2021-02-04,29.074,29.215,28.723,29.144,1378500.0
2021-02-05,29.144,29.566,29.004,29.355,1279600.0
2021-02-08,29.355,29.496,27.424,28.161,1874900.0
2021-02-09,28.442,28.934,27.88,28.653,1448500.0
2021-02-17,28.688,29.566,28.688,29.566,1439000.0
2021-02-18,29.636,30.549,29.285,30.479,2339700.0
2021-02-19,30.198,31.251,30.093,30.97,2027200.0
2021-02-22,30.97,31.251,30.69,30.725,1523800.0
2021-02-23,30.725,30.97,30.338,30.9,1533100.0
2021-02-24,30.83,31.041,29.917,30.233,1640000.0
2021-02-25,30.479,30.76,29.636,30.163,1733200.0
2021-02-26,30.057,30.69,29.706,30.619,1379500.0
2021-03-01,30.619,31.181,30.619,30.97,2251400.0
2021-03-02,31.251,31.322,30.795,30.935,2124000.0
2021-03-03,30.935,31.041,30.69,30.76,1583800.0
2021-03-04,30.9,31.076,29.706,30.022,2089500.0
2021-03-05,30.022,30.409,29.496,29.777,1857200.0
2021-03-08,30.479,30.479,29.706,29.812,1595300.0
2021-03-09,29.777,29.777,29.144,29.39,2430700.0
2021-03-10,29.496,29.636,29.074,29.496,2056500.0
2021-03-11,29.987,30.619,29.882,30.409,1672400.0
2021-03-12,30.584,30.69,30.268,30.444,2536400.0
2021-03-15,30.549,30.619,30.057,30.198,2779700.0
2021-03-16,30.198,30.338,29.706,29.777,2223700.0
2021-03-17,29.812,30.479,29.46,30.409,4346500.0
2021-03-18,30.9,31.813,30.584,31.602,5666500.0
2021-03-19,31.602,31.883,31.392,31.602,2885400.0
2021-03-22,31.602,31.602,31.251,31.357,2562800.0
2021-03-23,31.251,31.286,30.268,30.69,4549300.0
2021-03-24,30.198,30.409,29.425,29.601,3341900.0
2021-03-25,29.847,30.163,29.46,29.671,2369000.0
2021-03-26,29.46,29.777,28.442,29.566,2445100.0
2021-03-29,29.847,29.952,29.601,29.882,1347900.0
2021-03-30,29.987,30.233,29.706,30.093,2304200.0
2021-03-31,30.163,30.514,30.057,30.163,2170100.0
2021-04-01,30.198,30.9,30.198,30.865,3706500.0
2021-04-02,31.181,31.954,30.935,31.602,5794100.0
2021-04-05,32.024,32.235,31.673,31.989,5969400.0
2021-04-06,31.883,32.48,31.638,32.129,4113800.0
2021-04-07,32.094,32.129,31.848,31.989,2609000.0
2021-04-08,32.024,32.164,31.392,31.462,4412400.0
2021-04-09,31.392,31.462,30.935,31.111,4489700.0
2021-04-12,31.251,31.813,30.97,31.427,5149300.0
2021-04-13,31.602,31.673,30.549,30.654,3952000.0
2021-04-14,30.549,31.111,30.198,30.9,2839300.0
2021-04-15,30.97,31.041,30.198,30.233,3705100.0
2021-04-16,30.093,30.549,29.39,29.496,4667300.0
2021-04-19,29.531,30.268,29.355,30.198,3194000.0
2021-04-20,30.268,30.9,30.163,30.338,2676100.0
2021-04-22,30.338,30.338,28.793,28.793,2929700.0
2021-04-23,28.899,29.601,28.688,29.496,3078200.0
2021-04-26,29.32,29.496,28.442,28.442,3328300.0
2021-04-27,28.442,28.653,28.231,28.337,1978500.0
2021-04-28,28.337,28.723,28.337,28.512,1379200.0
2021-04-29,28.512,29.425,28.512,28.793,1949100.0
2021-05-04,28.091,29.355,28.091,29.004,2171900.0
2021-05-05,29.285,29.741,29.144,29.425,2692200.0
2021-05-06,29.425,29.425,28.934,28.969,2246100.0
2021-05-07,28.512,28.934,28.442,28.548,3706600.0
2021-05-10,28.512,29.144,28.337,29.074,3027800.0
2021-05-11,29.496,30.549,29.355,29.566,5349300.0
2021-05-12,29.496,29.987,29.355,29.952,3331500.0
2021-05-13,29.882,30.479,29.496,29.917,3483900.0
2021-05-14,30.057,30.198,29.706,29.741,2724600.0
2021-05-17,29.847,30.198,29.285,29.355,2992400.0
2021-05-18,29.285,29.285,28.653,28.723,3903100.0
2021-05-19,28.793,29.074,28.512,28.723,2872100.0
2021-05-20,28.723,29.425,28.091,29.39,3495000.0
2021-05-21,29.496,31.427,29.39,31.427,13027500.0
2021-05-24,31.954,32.586,31.954,32.305,6994100.0
2021-05-25,32.305,32.902,31.919,32.796,6329600.0
2021-05-26,32.796,33.077,32.445,32.761,7369800.0
2021-05-27,32.867,32.867,31.638,31.883,5862300.0
2021-05-28,32.024,33.499,31.532,33.112,7857000.0
2021-05-31,33.569,34.271,33.358,34.201,5597900.0
2021-06-01,34.306,34.412,33.709,33.709,4096100.0
2021-06-02,33.218,33.674,33.148,33.288,6043600.0
2021-06-03,33.569,34.763,33.288,34.271,6715400.0
2021-06-04,34.201,34.763,33.709,34.412,5939600.0
2021-06-07,34.06,34.131,32.024,32.867,5275100.0
2021-06-08,32.937,33.148,31.392,31.462,5685400.0
2021-06-09,31.602,32.094,30.9,31.919,4454300.0
2021-06-10,31.919,32.024,30.83,30.83,4463400.0
2021-06-11,30.9,31.778,30.549,31.743,6390300.0
2021-06-14,31.919,32.024,31.357,31.532,3394300.0
2021-06-15,31.532,31.708,30.9,31.532,3257000.0
2021-06-16,31.392,32.796,31.041,31.813,4217600.0
2021-06-17,31.322,32.551,31.322,32.235,3579300.0
2021-06-18,32.48,32.656,32.094,32.41,3200200.0
2021-06-21,32.235,32.305,31.497,31.602,4237600.0
2021-06-22,31.813,31.919,31.532,31.602,2781900.0
2021-06-23,31.532,32.586,31.532,31.883,2574200.0
2021-06-24,31.883,32.235,31.602,31.743,2110700.0
2021-06-25,31.673,32.305,31.392,31.989,2572300.0
2021-06-28,32.305,33.077,32.059,32.937,6685100.0
2021-06-29,33.007,33.639,32.726,32.937,3945700.0
2021-06-30,32.937,33.323,32.902,33.183,4001800.0
2021-07-01,33.358,33.464,32.902,33.218,4601600.0
2021-07-02,33.358,33.534,32.937,33.042,4204700.0
2021-07-05,33.042,33.042,31.743,32.761,3489500.0
2021-07-06,32.937,34.131,30.9,30.9,6896000.0
2021-07-07,31.251,32.059,30.619,31.954,3943600.0
2021-07-08,31.954,32.41,31.567,32.164,2127400.0
2021-07-09,31.743,32.305,30.9,31.532,3587800.0
2021-07-12,31.322,31.322,29.355,29.496,6021800.0
2021-07-13,29.847,30.022,29.18,29.777,1982500.0
2021-07-14,29.847,29.987,28.793,29.917,1788900.0
2021-07-15,29.531,30.303,29.496,29.987,1793200.0
2021-07-16,30.057,30.198,29.847,29.847,1416400.0
2021-07-19,28.864,29.425,27.845,27.845,2960800.0
2021-07-20,27.88,28.793,27.319,28.793,2713600.0
2021-07-21,29.074,29.074,28.442,28.583,1157700.0
2021-07-22,28.512,28.864,28.512,28.793,1700900.0
2021-07-23,28.723,29.144,28.231,28.231,1823500.0
2021-07-26,28.091,28.337,27.74,28.091,1436900.0
2021-07-27,28.372,28.653,28.196,28.231,1428900.0
2021-07-28,28.231,28.442,28.091,28.442,1233300.0
2021-07-29,28.653,28.793,28.512,28.793,1179900.0
2021-07-30,29.004,29.039,28.758,28.864,2031500.0
2021-08-02,29.496,30.163,29.496,29.882,3961400.0
2021-08-03,29.706,30.444,29.566,30.444,2765600.0
2021-08-04,30.479,30.549,29.987,30.198,2140000.0
2021-08-05,29.917,30.549,29.706,30.163,2116600.0
2021-08-06,30.163,30.479,29.917,30.128,1868300.0
2021-08-09,29.882,30.303,29.741,30.303,1743800.0
2021-08-10,30.373,30.549,30.233,30.409,1867400.0
2021-08-11,30.409,30.97,30.128,30.268,2739100.0
2021-08-12,30.444,30.479,30.057,30.057,1709400.0
2021-08-13,29.952,30.198,29.355,29.882,2309600.0
2021-08-16,29.741,30.549,29.496,30.409,3286300.0
2021-08-17,30.619,30.619,30.057,30.163,1565300.0
2021-08-18,30.128,30.198,29.847,29.952,1514500.0
2021-08-19,29.917,29.917,29.601,29.847,1803900.0
2021-08-20,29.917,30.128,28.091,28.442,4363500.0
2021-08-23,28.442,28.653,27.599,27.599,2742300.0
2021-08-24,27.599,27.88,27.319,27.67,2540900.0
2021-08-25,27.74,27.775,27.389,27.705,1103600.0
2021-08-26,27.845,27.845,26.686,27.108,2045600.0
2021-08-27,27.038,27.389,26.546,27.178,1906500.0
2021-08-30,27.389,27.74,27.248,27.705,1410200.0
2021-08-31,27.81,27.81,27.354,27.354,1814800.0
2021-09-01,27.248,27.459,27.143,27.389,1357900.0
2021-09-06,27.424,27.74,27.354,27.459,1364600.0
2021-09-07,27.599,28.231,27.494,27.88,1709800.0
2021-09-08,28.231,28.372,27.74,27.81,1420900.0
2021-09-09,27.81,27.951,27.775,27.951,839800.0
2021-09-10,28.091,28.091,27.81,27.845,793800.0
2021-09-13,27.845,27.845,27.389,27.494,1734700.0
2021-09-14,27.459,27.494,27.108,27.178,1415300.0
2021-09-15,27.108,27.389,27.108,27.248,1055100.0
2021-09-16,27.459,27.74,27.424,27.67,1465600.0
2021-09-17,27.81,28.407,27.81,28.091,1784100.0
2021-09-20,28.126,28.302,28.021,28.021,1957000.0
2021-09-21,27.74,27.951,27.529,27.845,1524100.0
2021-09-22,27.81,28.021,27.459,27.81,1267800.0
2021-09-23,27.951,28.021,27.705,27.705,1084600.0
2021-09-24,27.74,27.951,27.705,27.88,964900.0
2021-09-27,27.88,28.161,27.529,27.67,1210800.0
2021-09-28,27.67,28.337,27.529,28.161,2187700.0
2021-09-29,28.126,28.126,27.599,28.021,1183100.0
2021-09-30,27.986,28.091,27.635,27.705,1097300.0
2021-10-01,27.599,27.705,27.248,27.248,1658100.0
2021-10-04,27.283,27.81,27.038,27.319,1055100.0
2021-10-05,27.389,27.775,27.389,27.599,730100.0
2021-10-06,27.74,28.091,27.599,27.67,813300.0
2021-10-07,27.67,27.74,27.494,27.494,1021500.0
2021-10-08,27.494,27.67,27.494,27.529,978100.0
2021-10-11,27.81,28.091,27.67,28.091,1760100.0
2021-10-12,28.231,28.618,28.126,28.267,1985900.0
2021-10-13,28.302,28.407,27.81,28.021,1423600.0
2021-10-14,28.021,28.056,27.775,27.775,1060700.0
2021-10-15,27.775,27.986,27.74,27.74,1104900.0
2021-10-18,27.74,28.126,27.389,27.599,1795500.0
2021-10-19,27.599,28.477,27.389,28.126,2212300.0
2021-10-20,28.126,28.231,27.599,27.915,1079600.0
2021-10-21,27.915,28.021,27.74,27.74,632200.0
2021-10-22,27.74,27.88,27.599,27.599,1054900.0
2021-10-25,27.81,27.81,27.529,27.529,889700.0
2021-10-26,27.529,27.67,27.494,27.529,547200.0
2021-10-27,27.564,28.056,27.564,28.021,1412900.0
2021-10-28,28.091,28.231,27.88,27.986,1237100.0
2021-10-29,28.091,29.285,28.021,29.144,3730300.0
2021-11-01,29.496,29.566,29.215,29.355,3293200.0
2021-11-02,29.355,29.847,29.215,29.46,1527700.0
2021-11-03,29.706,30.97,29.496,30.233,5601700.0
2021-11-04,30.303,31.076,29.987,30.9,4380200.0
2021-11-05,30.9,31.181,30.373,30.619,1940900.0
2021-11-08,30.619,31.181,30.303,30.83,2686800.0
2021-11-09,30.9,31.006,30.198,30.198,2541000.0
2021-11-10,30.268,30.549,29.741,30.198,2138500.0
2021-11-11,30.479,30.549,29.636,30.057,2441800.0
2021-11-12,29.741,30.409,29.741,30.338,1878000.0
2021-11-15,30.444,30.549,29.496,30.057,1523300.0
2021-11-16,29.987,30.268,29.812,30.057,1266900.0
2021-11-17,29.952,30.76,29.812,30.619,2444800.0
2021-11-18,30.9,31.532,30.479,31.251,3510800.0
2021-11-19,31.286,32.34,29.496,31.181,4055100.0
2021-11-22,31.181,32.445,30.9,31.989,4942900.0
2021-11-23,31.954,31.954,31.041,31.392,1795000.0
2021-11-24,31.567,32.375,31.322,32.34,4127600.0
2021-11-25,32.586,32.586,31.813,31.848,2686800.0
2021-11-26,32.375,32.445,30.9,31.919,4132100.0
2021-11-29,31.251,31.602,30.97,31.251,3260500.0
2021-11-30,31.532,32.059,30.619,31.181,2542100.0
2021-12-01,31.181,31.392,30.69,31.111,1755700.0
2021-12-02,31.076,31.883,30.9,31.041,1367300.0
2021-12-03,31.251,31.251,29.496,29.496,2199100.0
2021-12-06,30.198,30.198,29.25,29.46,2858100.0
2021-12-07,29.531,30.725,29.531,30.619,1653500.0
2021-12-08,30.69,31.111,30.514,30.9,1145000.0
2021-12-09,30.865,31.006,30.584,30.9,979700.0
2021-12-10,31.111,31.743,31.111,31.322,2064600.0
2021-12-13,31.954,32.164,31.673,31.954,2477500.0
2021-12-14,32.094,32.094,31.743,31.813,1711000.0
2021-12-15,31.743,31.954,31.427,31.532,1426700.0
2021-12-16,31.602,31.602,30.9,31.532,1674500.0
2021-12-17,31.532,31.954,30.97,31.532,1851700.0
2021-12-20,31.462,31.567,31.251,31.322,1229300.0
2021-12-21,31.251,31.357,30.76,30.76,2787700.0
2021-12-22,30.9,31.076,30.163,30.409,2827800.0
2021-12-23,30.881,30.97,29.905,30.615,2318800.0
2021-12-24,30.615,31.413,30.615,31.059,1525000.0
2021-12-27,31.236,31.502,31.059,31.325,1202100.0
2021-12-28,31.502,31.502,30.97,31.236,1359900.0
2021-12-29,31.547,31.547,31.147,31.236,1581600.0
2021-12-30,31.413,31.68,31.236,31.413,987000.0
2021-12-31,31.591,33.454,31.502,32.922,4857000.0
2022-01-04,33.366,33.721,33.055,33.188,1769200.0
2022-01-05,33.632,33.632,32.745,32.878,1922200.0
2022-01-06,32.39,34.431,32.168,33.721,5998800.0
2022-01-07,34.298,35.007,33.41,34.786,4367700.0
2022-01-10,34.786,35.762,34.431,34.475,3180600.0
2022-01-11,34.431,35.407,33.987,34.963,4276500.0
2022-01-12,34.963,37.403,34.963,37.403,8028300.0
2022-01-13,37.714,40.021,37.714,39.045,9664800.0
2022-01-14,38.424,40.021,38.424,39.267,3265400.0
2022-01-17,39.045,41.707,38.69,38.735,7741100.0
2022-01-18,38.513,40.332,38.513,39.844,4849200.0
2022-01-19,39.977,40.642,38.646,38.735,2972800.0
2022-01-20,38.246,41.441,37.492,41.441,5637900.0
2022-01-21,41.752,43.305,41.264,42.018,4570000.0
2022-01-24,41.619,43.038,41.574,41.619,4165100.0
2022-01-25,41.086,43.482,40.731,43.482,4703200.0
2022-01-26,43.926,44.325,42.683,42.683,4052900.0
2022-01-27,42.595,43.038,42.062,42.24,1921100.0
2022-01-28,42.24,43.482,41.974,42.55,2956900.0
2022-02-07,42.95,43.127,41.885,42.062,3477200.0
2022-02-08,42.062,42.95,41.264,42.018,2672600.0
2022-02-09,41.974,43.393,41.707,42.95,4562000.0
2022-02-10,43.127,43.393,42.595,42.95,2741500.0
2022-02-11,42.772,43.038,42.417,42.506,1716100.0
2022-02-14,41.885,42.24,39.711,39.711,7129000.0
2022-02-15,39.799,41.086,39.4,40.997,3694100.0
2022-02-16,40.909,40.909,39.666,40.066,2795800.0
2022-02-17,40.554,40.82,39.666,40.82,1790200.0
2022-02-18,40.332,40.864,39.666,39.666,2995400.0
2022-02-21,39.755,40.332,38.779,40.154,2957200.0
2022-02-22,39.844,40.82,39.666,40.82,2290300.0
2022-02-23,41.264,41.619,40.376,40.465,2954000.0
2022-02-24,40.199,40.421,38.69,39.578,3385900.0
2022-02-25,39.578,40.465,39.489,39.533,2347500.0
2022-02-28,39.311,39.533,38.779,38.779,2699000.0
2022-03-01,38.823,39.933,38.69,39.134,2395600.0
2022-03-02,38.779,39.045,37.581,37.67,3090100.0
2022-03-03,37.581,38.335,37.27,37.98,2473700.0
2022-03-04,37.98,38.601,37.714,38.424,1660800.0
2022-03-07,37.98,37.98,37.403,37.492,2266100.0
2022-03-08,37.093,37.758,36.738,36.915,2585800.0
2022-03-09,36.915,37.182,35.939,35.939,1970700.0
2022-03-10,36.827,37.27,36.339,36.339,1563100.0
2022-03-11,36.339,37.137,36.339,37.137,1476500.0
2022-03-14,37.137,37.448,36.649,36.649,1337300.0
2022-03-15,36.649,37.448,36.383,37.359,1515300.0
2022-03-16,37.537,37.537,36.827,36.915,1331400.0
2022-03-17,37.448,39.267,36.383,38.601,5819900.0
2022-03-18,38.779,39.578,38.601,38.956,2786600.0
2022-03-21,38.956,39.134,38.424,38.868,1279000.0
2022-03-22,38.868,39.001,38.335,38.601,2825000.0
2022-03-23,38.557,39.4,38.291,38.513,1995900.0
2022-03-24,38.513,38.557,38.158,38.246,1287000.0
2022-03-25,38.291,38.912,37.803,38.557,1969000.0
2022-03-28,38.158,38.557,36.782,36.915,3983900.0
2022-03-29,37.004,37.714,36.827,37.625,1733800.0
2022-03-30,37.359,39.933,37.004,38.646,3512800.0
2022-03-31,38.823,39.001,38.513,38.601,1444000.0
2022-04-01,38.601,39.489,38.513,39.356,3165900.0
2022-04-04,39.888,39.888,39.267,39.267,2081900.0
2022-04-05,38.601,38.868,38.291,38.424,2905000.0
2022-04-06,38.158,38.868,37.847,38.601,3242600.0
2022-04-07,38.601,39.356,38.202,38.202,3152800.0
2022-04-08,38.158,38.335,37.093,37.182,3146100.0
2022-04-12,37.537,37.537,35.895,35.895,3187500.0
2022-04-13,35.939,36.738,35.584,36.294,1996100.0
2022-04-14,36.738,36.738,35.939,35.939,1890900.0
2022-04-15,36.028,36.56,34.608,34.874,2508700.0
2022-04-18,35.096,35.229,33.543,33.676,2820600.0
2022-04-19,34.031,34.786,33.277,33.676,2322500.0
2022-04-20,33.676,34.431,33.588,33.676,1458300.0
2022-04-21,33.632,34.386,33.41,34.164,2094100.0
2022-04-22,34.253,34.697,33.721,34.164,2628900.0
2022-04-25,34.164,34.253,31.813,31.813,2945400.0
2022-04-26,31.192,33.055,31.192,32.745,1857800.0
2022-04-27,32.833,33.277,32.345,33.011,748100.0
2022-04-28,33.011,33.011,32.567,32.567,974900.0
2022-04-29,32.7,33.499,32.656,33.055,1518600.0
2022-05-04,33.055,33.454,32.789,33.055,1561000.0
2022-05-05,33.366,33.898,32.833,33.898,1990600.0
2022-05-06,33.144,33.588,32.833,32.833,1579600.0
2022-05-09,32.478,32.745,30.57,30.57,2414100.0
2022-05-10,30.26,31.857,29.727,31.768,1727600.0
2022-05-11,31.724,32.035,31.103,32.035,862900.0
2022-05-12,31.413,31.768,29.816,29.816,1507900.0
2022-05-13,29.994,30.171,28.219,28.219,2353900.0
2022-05-16,29.461,29.506,28.574,28.574,1280700.0
2022-05-17,28.84,30.57,28.441,30.57,1116800.0
2022-05-18,30.97,31.502,30.349,30.97,1288800.0
2022-05-19,30.171,31.059,30.082,30.748,895100.0
2022-05-20,30.526,30.97,30.437,30.615,1128100.0
2022-05-23,30.526,30.792,29.284,29.594,1002800.0
2022-05-24,29.905,30.038,29.372,29.949,768000.0
2022-05-25,30.171,31.147,30.171,30.97,1066800.0
2022-05-26,31.591,31.724,31.059,31.147,1194100.0
2022-05-27,31.147,31.413,30.97,31.325,891000.0
2022-05-30,31.502,31.813,31.236,31.724,1088100.0
2022-05-31,31.502,31.591,31.059,31.325,1027300.0
2022-06-01,31.147,31.547,31.014,31.192,1071100.0
2022-06-02,31.192,31.236,30.615,30.792,905200.0
2022-06-03,30.792,30.837,30.171,30.482,570700.0
2022-06-06,30.482,30.748,29.994,30.349,918800.0
2022-06-07,30.26,30.349,29.372,29.816,1172500.0
2022-06-08,29.905,30.881,29.861,30.437,982900.0
2022-06-09,30.482,30.837,30.26,30.615,394400.0
2022-06-10,30.215,30.437,29.994,29.994,786000.0
2022-06-13,29.328,29.594,28.352,28.352,1446900.0
2022-06-14,28.308,29.106,27.598,28.663,1178900.0
2022-06-15,28.396,28.84,27.509,28.396,1366100.0
2022-06-16,28.396,29.106,28.396,28.663,1293500.0
2022-06-17,28.352,28.352,27.686,28.041,1218700.0
2022-06-20,28.13,28.219,26.178,26.178,972600.0
2022-06-21,25.823,27.198,25.69,26.888,1403700.0
2022-06-22,26.888,28.041,26.444,27.065,1532700.0
2022-06-23,27.065,27.509,26.666,27.509,422300.0
2022-06-24,27.686,28.618,27.598,27.686,1328200.0
2022-06-27,27.775,28.219,27.642,28.174,826300.0
2022-06-28,28.041,30.127,28.041,29.861,2412700.0
2022-06-29,29.284,30.97,29.284,30.97,2342200.0
2022-06-30,31.059,31.059,29.727,29.727,1498400.0
2022-07-01,29.195,31.68,28.485,31.103,3520700.0
2022-07-04,31.502,31.724,30.97,31.103,1827500.0
2022-07-05,31.103,33.277,31.059,32.212,4933500.0
2022-07-06,31.768,32.745,31.502,31.591,2731600.0
2022-07-07,31.413,32.523,30.437,32.212,2824700.0
2022-07-08,32.301,32.345,31.059,31.059,1979400.0
2022-07-11,30.97,31.192,29.284,30.615,2058500.0
2022-07-12,30.482,32.39,30.349,32.301,1671000.0
2022-07-13,32.123,33.011,31.768,31.99,2657100.0
2022-07-14,31.768,32.745,31.724,32.079,1504200.0
2022-07-15,32.035,32.611,31.768,31.768,1387300.0
2022-07-18,31.946,31.946,31.413,31.502,1698400.0
2022-07-19,31.502,31.813,31.059,31.635,976900.0
2022-07-20,32.123,32.745,31.902,32.301,1587800.0
2022-07-21,32.123,32.7,32.123,32.39,1519100.0
2022-07-22,32.745,32.745,31.502,31.502,1247400.0
2022-07-25,31.502,31.857,30.881,31.413,1196800.0
2022-07-26,31.768,31.946,31.502,31.547,885800.0
2022-07-27,31.547,31.635,31.059,31.547,725200.0
2022-07-28,31.946,32.7,31.68,32.39,2049800.0
2022-07-29,32.567,33.632,32.523,33.1,4174700.0
2022-08-01,33.188,34.608,33.1,34.608,3367400.0
2022-08-02,34.253,34.608,33.898,34.164,1951800.0
2022-08-03,33.676,34.874,33.632,34.874,2146200.0
2022-08-04,34.874,35.185,34.164,34.874,2421700.0
2022-08-05,34.786,34.786,34.164,34.608,1029400.0
2022-08-08,34.608,34.83,34.342,34.431,987900.0
2022-08-09,34.431,34.786,34.253,34.298,1567700.0
2022-08-10,34.164,34.431,34.076,34.076,987000.0
2022-08-11,34.608,34.874,33.898,33.987,1739100.0
2022-08-12,33.987,34.786,33.854,34.786,1639000.0
2022-08-15,34.874,36.516,34.874,36.383,3772200.0
2022-08-16,36.339,36.472,35.939,35.939,981400.0
2022-08-17,35.939,36.028,35.496,35.496,1394900.0
2022-08-18,35.229,35.584,35.141,35.141,1480900.0
2022-08-19,35.096,35.496,34.786,34.919,1451800.0
2022-08-22,34.919,34.919,34.031,34.12,1761800.0
2022-08-23,34.031,35.052,33.898,35.052,1732500.0
2022-08-24,35.229,35.318,34.564,34.874,969800.0
2022-08-25,34.608,35.052,34.564,34.874,1272100.0
2022-08-26,34.874,35.629,34.874,34.963,2006200.0
2022-08-29,34.253,34.874,33.854,34.608,1345400.0
2022-08-30,34.652,35.895,34.608,35.318,2329700.0
2022-08-31,35.318,35.673,35.141,35.496,1622100.0
2022-09-05,35.496,35.54,34.83,35.052,803800.0
2022-09-06,35.052,35.984,35.007,35.54,1779600.0
2022-09-07,35.407,35.407,33.543,33.543,3012000.0
2022-09-08,33.632,34.031,32.478,32.567,2190400.0
2022-09-09,32.567,32.922,32.079,32.833,1111000.0
2022-09-12,32.833,33.277,32.656,32.745,946450.0
2022-09-13,32.745,33.055,32.523,32.656,847965.0
2022-09-14,31.946,32.39,31.902,32.39,937765.0
2022-09-15,32.39,32.656,31.635,31.724,1949856.0
2022-09-16,31.946,32.123,31.502,31.502,977443.0
2022-09-19,31.458,31.458,30.26,30.349,1278139.0
2022-09-20,30.437,31.28,30.437,31.192,1118605.0
2022-09-21,30.881,31.147,30.837,30.837,497103.0
2022-09-22,30.659,31.325,30.57,31.192,979249.0
2022-09-23,31.591,31.591,30.615,30.837,787198.0
2022-09-26,30.26,30.393,28.751,29.639,2018029.0
2022-09-27,29.727,30.215,29.284,29.905,608290.0
2022-09-28,29.905,30.082,29.594,29.727,778570.0
2022-09-29,30.171,30.26,29.683,29.727,1001071.0
2022-09-30,29.106,30.082,28.663,30.082,1819117.0
2022-10-03,29.372,29.816,27.997,27.997,1574858.0
2022-10-04,28.396,28.441,27.42,27.509,1196328.0
2022-10-05,28.219,28.396,27.775,28.219,517155.0
2022-10-06,28.352,28.352,27.509,27.509,916258.0
2022-10-07,27.065,27.154,25.645,25.912,1717139.0
2022-10-10,24.98,27.021,24.847,26.622,1002148.0
2022-10-11,26.622,26.622,25.29,25.29,908806.0
2022-10-12,25.734,27.021,25.468,27.021,1478898.0
2022-10-13,27.11,28.796,27.021,28.796,1415327.0
2022-10-14,29.284,29.461,28.929,29.284,1721848.0
2022-10-17,29.239,29.239,28.13,29.017,1090452.0
2022-10-18,29.284,29.683,29.017,29.106,883424.0
2022-10-19,29.106,29.727,28.751,29.284,754471.0
2022-10-20,28.929,30.171,28.84,29.417,1477803.0
2022-10-21,29.417,29.417,28.485,28.929,1658065.0
2022-10-24,29.239,29.239,26.932,26.932,1375188.0
2022-10-25,26.622,28.796,26.0,27.775,1465721.0
2022-10-26,27.953,28.84,27.775,28.13,684896.0
2022-10-27,28.219,30.082,28.219,30.082,2036546.0
2022-10-28,30.437,31.014,29.994,29.994,2108244.0
2022-10-31,29.994,30.925,29.905,30.659,2664974.0
2022-11-01,30.704,31.192,30.171,30.215,1616234.0
2022-11-02,30.215,30.482,29.772,29.905,1326436.0
2022-11-03,29.417,29.994,29.284,29.284,1126384.0
2022-11-04,29.284,29.861,27.997,29.55,2377412.0
2022-11-07,29.106,30.26,29.106,29.55,1583239.0
2022-11-08,29.284,31.059,29.284,30.97,3081236.0
2022-11-09,31.147,32.656,31.103,32.079,4504408.0
2022-11-10,31.902,31.902,29.861,30.792,2501614.0
2022-11-11,31.946,32.39,31.413,31.946,2168354.0
2022-11-14,31.591,32.745,30.97,31.857,1328089.0
2022-11-15,31.059,31.724,29.639,29.639,1890316.0
2022-11-16,28.308,31.68,27.997,31.68,1605275.0
2022-11-17,32.123,32.39,31.502,31.635,1493788.0
2022-11-18,31.635,31.99,30.171,31.902,1384727.0
2022-11-21,32.39,32.39,31.502,31.502,1286232.0
2022-11-22,30.704,32.611,30.704,32.345,2111140.0
2022-11-23,32.301,33.721,31.902,33.188,2418256.0
2022-11-24,33.011,34.076,32.656,33.721,1791007.0
2022-11-25,34.076,35.496,33.898,35.496,2566780.0
2022-11-28,35.496,36.028,34.608,35.052,2608636.0
2022-11-29,35.052,36.383,34.475,36.383,2552531.0
2022-11-30,36.383,37.537,35.052,36.472,2060423.0
2022-12-01,36.472,36.827,34.608,34.608,1938985.0
2022-12-02,34.608,36.649,34.564,36.56,1505423.0
2022-12-05,36.738,37.27,35.984,36.605,1668082.0
2022-12-06,36.472,36.472,34.697,34.697,2674908.0
2022-12-07,35.052,35.052,34.164,34.608,1799011.0
2022-12-08,34.786,36.56,34.431,34.608,2733145.0
2022-12-09,34.519,35.052,33.987,34.786,1625164.0
2022-12-12,34.963,35.407,33.809,33.809,1984825.0
2022-12-13,33.765,35.052,33.765,34.342,1707714.0
2022-12-14,35.229,35.229,34.431,34.431,660058.0
2022-12-15,34.253,35.362,34.253,34.608,1460713.0
2022-12-16,34.298,35.052,34.298,34.519,1001312.0
2022-12-19,34.431,35.939,34.431,34.431,1918352.0
2022-12-20,34.431,34.608,33.277,34.164,1653458.0
2022-12-21,34.475,35.141,34.12,34.253,1433870.0
2022-12-22,34.475,35.407,34.386,34.608,1336958.0
2022-12-23,35.052,35.052,34.608,34.608,691373.0
2022-12-26,34.608,34.697,34.386,34.431,1256272.0
2022-12-27,34.431,35.496,34.342,35.496,1497183.0
2022-12-28,35.584,37.625,35.141,37.182,3697677.0
2022-12-29,37.27,37.359,35.496,35.496,1267149.0
2022-12-30,35.717,36.827,34.253,34.253,2619301.0
2023-01-03,34.874,36.56,34.652,36.56,1734902.0
2023-01-04,36.56,37.448,35.85,36.205,2072076.0
2023-01-05,36.383,36.472,35.717,36.161,1176389.0
2023-01-06,36.161,37.67,36.028,36.96,3403352.0
2023-01-09,37.448,37.448,36.25,36.383,1327117.0
2023-01-10,36.915,37.004,36.161,36.649,925479.0
2023-01-11,36.915,37.448,36.294,36.605,1532358.0
2023-01-12,36.693,37.226,36.383,36.782,709355.0
2023-01-13,36.915,37.448,36.915,37.093,1632087.0
2023-01-16,37.27,39.666,37.226,39.666,4744054.0
2023-01-17,39.933,40.199,39.578,39.888,1501080.0
2023-01-18,39.844,40.421,39.755,40.021,1836121.0
2023-01-19,40.021,41.086,39.888,40.776,1660492.0
2023-01-27,41.264,41.352,39.489,39.533,1731126.0
2023-01-30,39.045,39.844,39.045,39.489,1211836.0
2023-01-31,39.267,40.021,38.646,40.021,1645341.0
2023-02-01,40.243,40.376,37.803,37.98,2511860.0
2023-02-02,37.936,38.69,37.359,38.291,2866054.0
2023-02-03,38.601,38.868,38.291,38.468,1378814.0
2023-02-06,38.424,39.933,38.069,39.933,1748181.0
2023-02-07,39.933,40.243,38.779,38.868,1569559.0
2023-02-08,38.956,40.154,38.956,39.489,1798589.0
2023-02-09,39.489,39.933,39.045,39.045,1185612.0
2023-02-10,39.4,39.533,38.113,38.113,1398920.0
2023-02-13,38.113,39.4,38.113,39.4,1590833.0
2023-02-14,39.489,39.489,38.424,38.513,1325859.0
2023-02-15,38.291,39.444,38.291,39.045,605202.0
2023-02-16,39.666,39.933,39.045,39.933,1068840.0
2023-02-17,39.933,40.642,39.888,40.642,1495042.0
2023-02-20,40.642,42.018,40.642,41.885,1511483.0
2023-02-21,41.885,41.974,41.042,41.042,998047.0
2023-02-22,40.687,40.82,39.933,39.933,995108.0
2023-02-23,39.888,40.421,38.779,40.421,1281017.0
2023-02-24,39.977,40.421,39.4,39.578,498530.0
2023-02-27,39.489,39.489,38.69,39.267,939736.0
2023-02-28,39.267,39.578,39.089,39.134,258186.0
2023-03-01,39.045,40.509,38.868,40.509,741537.0
2023-03-02,40.509,41.264,40.287,41.175,977626.0
2023-03-03,41.175,41.264,40.154,40.731,736210.0
2023-03-06,40.731,41.707,40.199,40.642,865699.0
2023-03-07,40.376,41.796,40.376,41.619,1635598.0
2023-03-08,41.175,42.595,40.731,42.595,1231249.0
2023-03-09,42.595,42.595,41.752,42.284,1172128.0
2023-03-10,42.107,42.107,41.663,41.84,862825.0
2023-03-13,41.352,41.619,41.042,41.042,934562.0
2023-03-14,40.909,41.13,39.711,39.977,1445334.0
2023-03-15,40.82,42.062,40.332,41.53,629549.0
2023-03-16,40.864,41.619,40.864,41.042,876442.0
2023-03-17,41.707,41.707,40.82,41.086,311230.0
2023-03-20,40.82,40.82,39.933,40.243,586661.0
2023-03-21,40.287,40.598,39.755,40.243,742304.0
2023-03-22,40.598,40.997,40.332,40.909,561786.0
2023-03-23,40.199,40.82,40.199,40.731,415155.0
2023-03-24,40.731,41.086,40.376,40.421,365179.0
2023-03-27,40.421,40.953,39.933,40.82,673205.0
2023-03-28,41.264,41.53,40.82,40.82,505224.0
2023-03-29,40.82,41.13,40.421,40.997,303827.0
2023-03-30,41.042,41.352,40.997,40.997,700455.0
2023-03-31,40.997,41.707,40.864,40.997,644471.0
2023-04-03,41.397,41.53,40.642,40.731,1264390.0
2023-04-04,40.731,40.953,40.554,40.82,890133.0
2023-04-05,40.82,41.086,40.199,40.376,1364548.0
2023-04-06,40.376,41.264,40.199,40.82,1515622.0
2023-04-07,40.598,40.82,40.376,40.509,732129.0
2023-04-10,40.642,40.642,39.666,39.666,1806628.0
2023-04-11,39.444,39.622,39.178,39.4,1229631.0
2023-04-12,39.489,39.755,39.223,39.4,775972.0
2023-04-13,39.4,39.933,39.4,39.888,779789.0
2023-04-14,39.933,39.933,39.444,39.444,619122.0
2023-04-17,39.444,40.021,39.4,39.933,716933.0
2023-04-18,39.755,39.933,39.311,39.578,639923.0
2023-04-19,39.711,39.711,39.223,39.4,452844.0
2023-04-20,39.356,39.578,39.178,39.578,257397.0
2023-04-21,39.578,39.578,39.223,39.223,354941.0
2023-04-24,39.223,39.223,38.779,38.779,463207.0
2023-04-25,38.69,38.956,38.291,38.646,539840.0
2023-04-26,38.601,39.311,38.335,39.134,405370.0
2023-04-27,39.134,39.134,38.601,38.956,163564.0
2023-04-28,39.001,39.134,38.601,38.601,415123.0
2023-05-04,38.601,39.223,38.424,38.823,376986.0
2023-05-05,38.868,38.912,38.557,38.557,297140.0
2023-05-08,38.646,40.376,38.646,39.666,1131194.0
2023-05-09,39.666,40.243,39.666,40.021,651505.0
2023-05-10,40.199,40.199,39.489,39.933,595636.0
2023-05-11,39.933,40.154,39.755,39.933,511109.0
2023-05-12,39.933,40.021,39.533,39.933,428666.0
2023-05-15,40.82,40.82,39.844,39.844,436362.0
2023-05-16,40.021,40.021,39.711,39.933,429634.0
2023-05-17,39.933,40.021,39.755,39.755,866435.0
2023-05-18,39.844,39.888,39.489,39.622,515381.0
2023-05-19,39.578,39.888,39.311,39.4,603859.0
2023-05-22,39.4,39.888,39.4,39.4,608178.0
2023-05-23,39.844,39.844,38.912,38.912,754393.0
2023-05-24,39.045,39.045,38.601,38.601,767768.0
2023-05-25,38.601,39.045,38.557,38.823,655685.0
2023-05-26,39.134,39.134,38.513,38.513,545642.0
2023-05-29,39.001,39.001,38.513,38.956,668852.0
2023-05-30,39.045,39.045,38.69,38.868,801247.0
2023-05-31,38.868,39.045,38.646,39.045,771388.0
2023-06-01,39.045,39.045,38.735,38.956,618364.0
2023-06-02,39.045,39.844,39.045,39.666,1203844.0
2023-06-05,39.844,40.243,39.666,39.666,960172.0
2023-06-06,39.933,39.933,39.311,39.755,846789.0
2023-06-07,39.755,39.844,39.356,39.356,968635.0
2023-06-08,39.4,39.489,38.779,38.779,1655978.0
2023-06-09,38.868,39.089,38.246,38.557,1290509.0
2023-06-12,38.69,38.735,38.158,38.735,1126107.0
2023-06-13,38.779,39.489,38.735,39.356,1329246.0
2023-06-14,39.578,39.666,39.045,39.045,1335575.0
2023-06-15,38.956,39.223,38.779,38.912,823999.0
2023-06-16,39.311,39.489,38.735,38.779,1442289.0
2023-06-19,38.868,38.912,38.424,38.424,796594.0
2023-06-20,38.557,38.601,38.291,38.601,813300.0
2023-06-21,38.601,39.045,38.424,38.513,813280.0
2023-06-22,38.779,39.089,38.513,39.001,1284588.0
2023-06-23,38.956,39.888,38.779,39.311,1913112.0
2023-06-26,39.489,39.799,38.956,39.311,1225691.0
2023-06-27,39.134,39.444,39.045,39.311,794604.0
2023-06-28,39.311,40.243,39.178,40.243,2339140.0
2023-06-29,40.287,40.731,39.489,39.489,1583263.0
2023-06-30,39.489,39.755,38.468,38.468,975505.0
2023-07-03,38.956,39.489,38.779,39.489,1086025.0
2023-07-04,39.4,39.533,38.823,39.045,1183792.0
2023-07-05,39.223,39.711,39.089,39.356,1295281.0
2023-07-06,39.223,39.622,38.69,39.001,1337633.0
2023-07-07,38.779,39.311,38.779,39.311,880503.0
2023-07-10,39.4,41.663,39.223,41.663,4624172.0
2023-07-11,41.885,42.062,41.264,41.308,2621966.0
2023-07-12,41.663,41.84,40.953,41.441,2334556.0
2023-07-13,41.619,42.151,41.308,41.619,1886191.0
2023-07-14,41.619,42.284,40.864,41.485,2607357.0
2023-07-17,41.485,41.796,40.997,40.997,2232487.0
2023-07-18,40.997,41.441,40.997,41.441,1668084.0
2023-07-19,41.619,41.619,40.687,41.042,2330351.0
2023-07-20,40.997,41.175,40.687,41.042,935257.0
2023-07-21,41.042,41.485,40.909,41.485,1422722.0
2023-07-24,41.619,42.24,41.53,41.53,1971317.0
2023-07-25,41.485,41.885,41.441,41.84,1623071.0
2023-07-26,41.84,42.639,41.84,42.018,2331102.0
2023-07-27,41.974,42.062,41.397,41.441,1370747.0
2023-07-28,41.441,41.974,41.175,41.441,1755787.0
2023-07-31,41.707,42.107,41.441,41.885,1874511.0
2023-08-01,42.195,43.926,41.885,42.772,3818310.0
2023-08-02,42.772,43.748,42.728,43.571,2357585.0
2023-08-03,43.571,43.615,42.95,43.083,2095613.0
2023-08-04,43.038,43.393,42.772,42.95,2197186.0
2023-08-07,43.216,43.881,42.994,43.349,2005942.0
2023-08-08,43.393,43.881,43.083,43.172,2106243.0
2023-08-09,43.172,43.305,42.639,42.772,1803151.0
2023-08-10,42.772,42.95,41.264,41.264,2613597.0
2023-08-11,41.264,41.619,40.465,41.441,2103722.0
2023-08-14,41.707,42.284,41.397,42.24,2118350.0
2023-08-15,42.062,42.24,41.574,41.707,1658986.0
2023-08-16,41.663,42.24,41.619,42.151,1354583.0
2023-08-17,42.151,42.328,41.796,41.796,1667072.0
2023-08-18,41.796,41.796,39.134,39.223,2846703.0
2023-08-21,39.578,41.574,39.489,40.465,1811621.0
2023-08-22,39.844,40.776,39.489,40.642,1288347.0
2023-08-23,40.997,40.997,40.287,40.554,1363636.0
2023-08-24,40.554,40.909,40.243,40.642,1360643.0
2023-08-25,40.642,40.642,39.977,40.11,1175391.0
2023-08-28,40.243,40.731,40.199,40.287,741098.0
2023-08-29,40.287,40.909,40.243,40.642,1360549.0
2023-08-30,40.82,41.352,40.642,40.997,1124807.0
2023-08-31,41.13,41.663,41.086,41.663,1670262.0
2023-09-05,41.707,42.328,41.707,42.151,1363784.0
2023-09-06,42.328,42.328,41.84,41.974,1179695.0
2023-09-07,42.151,42.728,41.885,42.018,1175552.0
2023-09-08,42.151,42.195,41.663,41.707,1602280.0
2023-09-11,42.062,42.062,40.82,41.264,968152.0
2023-09-12,41.485,41.707,41.175,41.707,992725.0
2023-09-13,41.796,42.018,41.264,41.707,1202272.0
2023-09-14,41.707,42.506,41.485,41.485,1875211.0
2023-09-15,41.707,42.062,41.53,41.53,1054708.0
2023-09-18,41.707,41.707,40.199,40.598,1447691.0
2023-09-19,40.642,40.953,39.933,40.11,1190762.0
2023-09-20,40.11,40.554,40.021,40.554,674134.0
2023-09-21,40.554,40.864,40.021,40.11,915754.0
2023-09-22,39.755,40.864,39.223,40.864,1823119.0
2023-09-25,40.864,40.864,39.844,40.021,1038835.0
2023-09-26,40.199,40.199,39.223,39.356,1122726.0
2023-09-27,39.356,39.666,39.267,39.4,1080562.0
2023-09-28,39.356,39.666,39.267,39.356,696016.0
2023-09-29,39.4,39.711,39.223,39.356,543179.0
2023-10-02,39.356,39.622,38.868,39.001,688922.0
2023-10-03,38.735,38.823,36.871,36.871,1337182.0
2023-10-04,36.383,38.113,36.383,37.714,893351.0
2023-10-05,37.714,38.025,36.871,36.915,526719.0
2023-10-06,36.915,37.714,36.56,37.448,555678.0
2023-10-09,37.448,37.537,37.093,37.226,700250.0
2023-10-10,37.448,37.714,37.182,37.315,877347.0
2023-10-11,37.714,37.714,37.048,37.27,1118039.0
2023-10-12,37.315,37.625,37.182,37.403,1017284.0
2023-10-13,37.448,37.714,37.359,37.714,1027673.0
2023-10-16,37.714,37.714,36.605,36.96,974231.0
2023-10-17,37.182,37.448,36.649,36.649,979130.0
2023-10-18,36.649,36.693,35.496,35.496,1456482.0
2023-10-19,35.673,36.028,35.229,35.673,1170275.0
2023-10-20,35.673,35.939,35.096,35.939,979470.0
2023-10-23,35.762,35.939,35.584,35.762,707250.0
2023-10-24,35.629,36.782,35.629,36.649,916214.0
2023-10-25,36.649,36.915,36.161,36.161,742466.0
2023-10-26,35.496,36.294,34.608,35.984,1976533.0
2023-10-27,35.984,37.27,35.673,37.27,895083.0
2023-10-30,37.182,37.182,36.383,36.383,541271.0
2023-10-31,36.383,36.827,35.673,35.673,545445.0
2023-11-01,36.294,36.294,35.229,35.496,352148.0
2023-11-02,36.25,36.96,36.028,36.96,690989.0
2023-11-03,37.492,37.492,36.827,36.827,564131.0
2023-11-06,36.96,37.448,36.915,37.093,587650.0
2023-11-07,37.27,37.27,36.827,37.093,532067.0
2023-11-08,36.96,38.158,36.871,38.069,967527.0
2023-11-09,38.158,38.291,37.803,38.025,757675.0
2023-11-10,37.625,38.069,37.359,37.448,628038.0
2023-11-13,37.448,37.891,37.226,37.359,474759.0
2023-11-14,37.492,38.557,37.492,38.158,1572654.0
2023-11-15,38.513,39.178,38.335,39.178,1450601.0
2023-11-16,39.267,39.4,38.557,38.823,971468.0
2023-11-17,39.045,39.045,37.758,38.069,1210754.0
2023-11-20,37.27,38.912,37.27,38.291,810753.0
2023-11-21,38.779,39.001,38.158,39.001,824797.0
2023-11-22,39.001,39.045,38.513,38.69,739459.0
2023-11-23,39.045,39.045,38.158,38.158,756246.0
2023-11-24,38.158,38.735,37.625,38.735,812011.0
2023-11-27,38.735,38.735,37.98,38.158,748402.0
2023-11-28,39.0,39.0,38.2,38.85,835635.0
2023-11-29,39.0,39.3,38.9,39.3,813308.0
2023-11-30,39.0,39.5,38.8,38.85,728032.0
2023-12-01,38.9,39.5,38.85,39.4,762309.0
2023-12-04,39.5,39.8,39.35,39.8,713493.0
2023-12-05,39.8,39.9,39.4,39.65,656184.0
2023-12-06,39.65,40.4,39.4,40.0,1158312.0
2023-12-07,40.35,41.0,40.0,40.6,1956881.0
2023-12-08,40.6,42.0,40.6,41.9,2406400.0
2023-12-11,42.0,42.2,41.35,41.4,1591005.0
2023-12-12,41.5,42.05,41.2,41.9,957886.0
2023-12-13,41.9,42.0,40.6,41.6,794504.0
2023-12-14,41.65,41.8,41.3,41.6,780657.0
2023-12-15,41.45,41.7,41.25,41.5,562608.0
2023-12-18,41.05,41.5,40.5,41.0,678400.0
2023-12-19,41.0,41.5,40.55,41.2,823834.0
2023-12-20,41.9,42.0,40.8,41.3,1025521.0
2023-12-21,40.9,41.9,40.9,41.8,1137420.0
2023-12-22,41.8,42.45,41.4,42.45,1190985.0
2023-12-25,42.5,43.3,42.0,43.2,1175553.0
2023-12-26,43.2,43.55,42.7,43.0,1165412.0
2023-12-27,42.8,43.2,42.8,43.0,939903.0
2023-12-28,43.0,43.15,42.7,42.7,1100128.0
2023-12-29,42.7,43.4,42.3,43.4,883671.0
2024-01-02,43.4,43.6,42.7,43.0,1112938.0
2024-01-03,43.4,44.1,43.0,43.8,1561832.0
2024-01-04,43.9,45.0,43.6,43.65,3214754.0
2024-01-05,43.7,44.95,43.7,44.5,1331657.0
2024-01-08,44.8,46.5,44.65,46.4,1951306.0
2024-01-09,47.0,47.0,46.05,46.05,1743286.0
2024-01-10,46.05,47.8,46.0,47.4,2144305.0
2024-01-11,47.2,47.25,46.2,46.5,3399421.0
2024-01-12,45.9,47.2,45.05,46.0,3091109.0
2024-01-15,46.05,47.0,46.05,46.6,1345255.0
2024-01-16,46.05,46.95,46.05,46.9,1135791.0
2024-01-17,46.55,47.0,46.3,46.85,1469274.0
2024-01-18,46.85,47.85,46.65,47.5,2293041.0
2024-01-19,47.9,49.85,47.2,49.85,2971887.0
2024-01-22,49.95,50.2,48.7,49.8,2372235.0
2024-01-23,49.5,49.8,48.65,49.4,2186583.0
2024-01-24,48.5,49.2,48.45,48.9,1872754.0
2024-01-25,48.9,49.75,48.4,48.4,1353235.0
2024-01-26,48.4,48.95,48.4,48.95,814358.0
2024-01-29,48.9,49.2,48.5,48.7,986750.0
2024-01-30,48.8,48.9,48.2,48.45,1123666.0
2024-01-31,48.5,48.8,47.5,47.7,1676533.0
2024-02-01,47.5,47.95,47.15,47.25,1545088.0
2024-02-02,47.3,47.5,46.7,46.9,1955284.0
2024-02-05,47.1,49.4,47.05,48.65,2249900.0
2024-02-06,48.8,48.8,48.0,48.8,1529371.0
2024-02-07,48.8,49.05,48.6,48.95,1861415.0
2024-02-15,48.95,49.25,48.45,48.95,1628521.0
2024-02-16,49.0,49.0,48.3,48.55,1355591.0
2024-02-19,48.75,50.3,48.25,49.3,3288060.0
2024-02-20,49.5,50.2,49.4,49.4,1572592.0
2024-02-21,49.75,49.8,48.9,49.75,1854473.0
2024-02-22,49.8,49.9,49.5,49.75,1598960.0
2024-02-23,49.8,53.2,49.3,52.0,6948065.0
2024-02-26,52.8,54.5,52.0,53.6,1536698.0
2024-02-27,53.7,54.0,53.0,53.0,1744935.0
2024-02-28,53.2,54.8,52.3,53.9,2346478.0
2024-02-29,53.9,54.0,53.0,53.0,1340368.0
2024-03-01,53.3,54.3,52.4,53.5,1248808.0
2024-03-04,53.6,54.5,52.5,53.5,2334455.0
2024-03-05,53.5,54.4,52.9,54.4,1203171.0
2024-03-06,54.0,54.8,53.5,54.4,1587437.0
2024-03-07,54.4,54.4,53.2,53.3,2127394.0
2024-03-08,53.4,53.4,49.6,51.1,2743455.0
2024-03-11,51.8,52.4,50.5,50.5,1481676.0
2024-03-12,50.6,52.1,50.5,52.0,1212545.0
2024-03-13,52.2,52.6,51.8,52.6,1399923.0
2024-03-14,53.5,53.5,51.4,51.7,1484385.0
2024-03-15,51.6,52.8,51.0,52.2,1435031.0
2024-03-18,52.0,52.8,49.9,52.0,1483545.0
2024-03-19,52.1,52.1,51.0,51.6,766534.0
2024-03-20,51.6,53.1,50.5,53.0,3135459.0
2024-03-21,53.2,53.4,52.8,53.0,1859542.0
2024-03-22,53.3,56.7,53.3,54.2,4368960.0
2024-03-25,54.2,55.5,52.7,53.0,1264961.0
2024-03-26,53.0,53.9,53.0,53.0,1411023.0
2024-03-27,53.3,53.3,52.5,52.5,1609580.0
2024-03-28,53.2,53.9,52.5,52.6,1360986.0
2024-03-29,53.2,53.2,52.0,52.1,1789819.0
2024-04-01,52.2,52.7,51.7,52.1,1365330.0
2024-04-02,51.9,52.4,51.5,51.9,1578085.0
2024-04-03,52.0,52.3,51.0,51.0,1497781.0
2024-04-04,51.8,51.8,51.0,51.0,1094832.0
2024-04-05,50.9,50.9,50.2,50.2,1656504.0
2024-04-08,50.2,51.6,50.0,50.8,906777.0
2024-04-09,51.1,52.7,50.8,52.7,1752434.0
2024-04-10,52.8,52.8,51.9,52.0,1194800.0
2024-04-11,51.5,53.4,51.3,53.0,2278176.0
2024-04-12,53.0,54.5,52.8,53.4,3378524.0
2024-04-15,53.3,54.5,49.7,49.7,2543650.0
2024-04-16,49.7,51.2,49.45,50.3,2353772.0
2024-04-17,50.9,51.0,48.0,48.1,1976645.0
2024-04-19,47.9,49.5,47.1,48.35,2172286.0
2024-04-22,48.8,50.1,48.8,50.1,1300516.0
2024-04-23,49.2,50.5,48.5,49.4,2275027.0
2024-04-24,49.45,50.4,49.35,50.0,1417731.0
2024-04-25,49.75,50.3,49.3,49.6,1054622.0
2024-04-26,49.6,50.1,49.1,49.2,776097.0
2024-05-02,49.3,49.7,48.85,49.2,569727.0
2024-05-03,49.65,49.9,49.0,49.2,701877.0
2024-05-06,49.3,50.5,49.3,50.5,1193818.0
2024-05-07,50.6,51.0,50.0,50.0,1071204.0
2024-05-08,50.1,50.8,49.8,49.8,1058548.0
2024-05-09,50.3,50.3,49.5,49.5,971915.0
2024-05-10,49.6,49.75,48.95,49.05,828864.0
2024-05-13,49.2,49.5,48.5,48.6,1665656.0
2024-05-14,48.8,49.2,48.05,48.1,1950627.0
2024-05-15,48.45,48.95,48.35,48.6,1394263.0
2024-05-16,49.15,50.3,49.05,49.6,2099463.0
2024-05-17,49.65,49.7,49.2,49.35,1519945.0
2024-05-20,49.6,50.7,49.5,49.6,2194600.0
2024-05-21,50.0,50.3,49.4,50.0,1796281.0
2024-05-22,50.5,51.2,49.75,49.8,2430579.0
2024-05-23,49.8,50.2,49.4,49.5,1790055.0
2024-05-24,49.6,50.6,48.5,49.2,2177908.0
2024-05-27,49.4,49.4,48.55,48.9,765228.0
2024-05-28,49.0,49.2,48.6,49.1,1232312.0
2024-05-29,49.45,49.45,48.6,48.6,1390091.0
2024-05-30,48.4,48.5,47.4,47.7,2095616.0
2024-05-31,47.7,48.3,47.1,47.1,1970022.0
2024-06-03,47.9,48.45,47.2,47.3,2097260.0
2024-06-04,47.85,48.2,47.55,47.6,1116575.0
2024-06-05,47.9,48.2,47.65,47.65,1801566.0
2024-06-06,47.7,48.1,47.7,47.9,1414731.0
2024-06-07,48.1,48.3,47.7,47.75,1235300.0
2024-06-10,47.85,48.55,47.55,47.65,2065498.0
2024-06-11,47.8,47.85,47.2,47.35,2538535.0
2024-06-12,47.6,47.95,47.0,47.9,2651508.0
2024-06-13,48.35,48.35,47.9,48.35,2618192.0
2024-06-14,48.4,48.75,47.5,47.5,2243470.0
2024-06-17,47.5,47.5,46.5,46.5,2815727.0
2024-06-18,46.7,47.05,46.5,46.5,1470307.0
2024-06-19,46.8,46.8,45.85,46.1,2602167.0
2024-06-20,46.0,46.2,45.35,45.5,2673823.0
2024-06-21,45.6,46.45,45.55,45.6,1542112.0
2024-06-24,46.0,46.35,45.0,45.0,1954551.0
2024-06-25,45.4,45.7,43.55,44.2,2894172.0
2024-06-26,44.25,44.8,44.0,44.5,1692167.0
2024-06-27,44.7,45.0,44.1,44.1,1575076.0
2024-06-28,44.1,44.6,43.25,43.25,2123329.0
2024-07-01,43.3,43.9,43.0,43.9,1239342.0
2024-07-02,44.25,45.8,44.05,45.75,3615544.0
2024-07-03,46.0,47.2,45.55,47.2,4605235.0
2024-07-04,47.0,47.4,46.8,47.3,2668392.0
2024-07-05,47.35,48.2,47.1,47.3,4625999.0
2024-07-08,47.55,47.8,46.75,47.0,1984524.0
2024-07-09,47.5,48.0,46.9,47.5,2574979.0
2024-07-10,47.85,47.9,46.9,46.9,2021521.0
2024-07-11,47.45,47.45,46.8,46.8,1295594.0
2024-07-12,46.9,47.2,46.25,46.6,1437570.0
2024-07-15,47.0,47.05,46.3,46.55,1186390.0
2024-07-16,46.8,48.3,46.5,47.15,4083531.0
2024-07-17,47.9,50.0,47.55,48.0,7862737.0
2024-07-18,48.6,49.3,47.85,48.5,3365146.0
2024-07-19,48.8,49.0,47.5,47.7,3084606.0
2024-07-22,47.7,48.7,47.2,47.7,3440872.0
2024-07-23,47.8,48.25,44.5,46.0,3362032.0
2024-07-24,45.0,46.85,45.0,46.1,2480906.0
2024-07-25,46.45,46.45,45.5,46.0,1466567.0
2024-07-26,46.3,46.55,45.85,46.25,1239588.0
2024-07-29,46.35,47.25,46.35,47.1,1046716.0
2024-07-30,47.35,47.35,46.5,46.8,2283675.0
2024-07-31,47.0,48.4,46.9,47.6,3163962.0
2024-08-01,47.9,48.9,46.8,46.8,3828424.0
2024-08-02,46.5,47.75,46.5,47.75,1970252.0
2024-08-05,46.9,47.2,45.0,46.1,2725167.0
2024-08-06,46.4,47.65,45.85,46.75,1807610.0
2024-08-07,47.4,47.4,46.0,46.4,2146141.0
2024-08-08,46.5,46.8,45.7,46.0,1425343.0
2024-08-09,47.0,47.0,46.35,46.7,1051831.0
2024-08-12,46.7,47.35,46.5,46.8,1360111.0
2024-08-13,47.0,47.15,46.5,46.65,1016649.0
2024-08-14,46.8,47.75,46.8,47.05,1705367.0
2024-08-15,47.05,47.45,46.65,46.65,1005251.0
2024-08-16,46.75,48.05,46.75,47.5,2384649.0
2024-08-19,47.8,48.5,47.6,47.9,2109637.0
2024-08-20,48.3,49.2,48.15,49.15,4363152.0
2024-08-21,49.45,50.8,49.05,50.6,6176457.0
2024-08-22,51.0,51.3,49.9,50.3,2741504.0
2024-08-23,50.2,50.8,50.1,50.5,2275733.0
2024-08-26,50.8,50.9,50.1,50.2,2249313.0
2024-08-27,50.3,50.3,49.1,49.6,4162989.0
2024-08-28,49.6,50.3,49.5,49.6,1207704.0
2024-08-29,49.3,50.6,49.3,49.3,1687720.0
2024-08-30,49.55,49.7,48.9,48.9,1799461.0
2024-09-04,48.5,49.45,48.15,48.95,1973073.0
2024-09-05,48.75,49.5,48.6,48.7,1901203.0
2024-09-06,48.7,49.5,48.65,49.3,2363275.0
2024-09-09,49.2,49.55,48.9,49.05,1202400.0
2024-09-10,49.3,49.3,48.45,48.5,2401313.0
2024-09-11,48.45,48.65,48.0,48.3,1407787.0
2024-09-12,48.5,48.7,48.35,48.35,1105781.0
